{
  "dataset_revision": "09e270b1afe87a65dd41c6292e3c8905220bc290",
  "evaluation_time": 5.189964294433594,
  "kg_co2_emissions": null,
  "mteb_version": "1.12.49",
  "scores": {
    "test": [
      {
        "cosine_pearson": 0.15023248257803595,
        "cosine_spearman": 0.16664521650766953,
        "euclidean_pearson": 0.15940285144728844,
        "euclidean_spearman": 0.16649230760737194,
        "hf_subset": "default",
        "languages": [
          "eng-Latn"
        ],
        "main_score": 0.16664521650766953,
        "manhattan_pearson": 0.15598775952086016,
        "manhattan_spearman": 0.16333219033455484,
        "pearson": 0.15023248257803595,
        "spearman": 0.16664521650766953
      }
    ]
  },
  "task_name": "FinSTS"
}