{
  "dataset_revision": "main",
  "evaluation_time": 444.6205852031708,
  "kg_co2_emissions": null,
  "mteb_version": "1.12.49",
  "scores": {
    "test": [
      {
        "hf_subset": "default",
        "languages": [
          "kor-Hang"
        ],
        "main_score": 0.9613722222222223,
        "map": 0.9613722222222223,
        "mrr": 0.9614694444444445,
        "nAUC_map_diff1": 0.9103793202404862,
        "nAUC_map_max": 0.7422429348555162,
        "nAUC_map_std": 0.595530575238868,
        "nAUC_mrr_diff1": 0.910200304378595,
        "nAUC_mrr_max": 0.7418752664356019,
        "nAUC_mrr_std": 0.5945099977847085
      }
    ]
  },
  "task_name": "FiQA2018Reranking"
}