{
  "dataset_revision": "main",
  "evaluation_time": 9.152506351470947,
  "kg_co2_emissions": null,
  "mteb_version": "1.12.49",
  "scores": {
    "train": [
      {
        "hf_subset": "default",
        "languages": [
          "kor-Hang"
        ],
        "main_score": 0.61861,
        "map_at_1": 0.438,
        "map_at_10": 0.55644,
        "map_at_100": 0.56213,
        "map_at_1000": 0.56237,
        "map_at_20": 0.55999,
        "map_at_3": 0.526,
        "map_at_5": 0.5434,
        "mrr_at_1": 0.438,
        "mrr_at_10": 0.556435317460317,
        "mrr_at_100": 0.5621346950876082,
        "mrr_at_1000": 0.5623749486272527,
        "mrr_at_20": 0.5599854076006548,
        "mrr_at_3": 0.5259999999999995,
        "mrr_at_5": 0.5433999999999996,
        "nauc_map_at_1000_diff1": 0.5405209629378659,
        "nauc_map_at_1000_max": 0.49527541671529446,
        "nauc_map_at_1000_std": 0.11873375275718698,
        "nauc_map_at_100_diff1": 0.5404610995011432,
        "nauc_map_at_100_max": 0.4954616829727474,
        "nauc_map_at_100_std": 0.11912601446467709,
        "nauc_map_at_10_diff1": 0.5405556235684487,
        "nauc_map_at_10_max": 0.4968302256227757,
        "nauc_map_at_10_std": 0.11901074562837842,
        "nauc_map_at_1_diff1": 0.5784200958260632,
        "nauc_map_at_1_max": 0.4547916943790215,
        "nauc_map_at_1_std": 0.07491986239022638,
        "nauc_map_at_20_diff1": 0.5398560355010582,
        "nauc_map_at_20_max": 0.49636827311736104,
        "nauc_map_at_20_std": 0.12030652585335767,
        "nauc_map_at_3_diff1": 0.5372674237702703,
        "nauc_map_at_3_max": 0.48671755072189904,
        "nauc_map_at_3_std": 0.10114369269903573,
        "nauc_map_at_5_diff1": 0.535415625891357,
        "nauc_map_at_5_max": 0.49461842182723914,
        "nauc_map_at_5_std": 0.11764698608442815,
        "nauc_mrr_at_1000_diff1": 0.5405209629378659,
        "nauc_mrr_at_1000_max": 0.49527541671529446,
        "nauc_mrr_at_1000_std": 0.11873375275718698,
        "nauc_mrr_at_100_diff1": 0.5404610995011432,
        "nauc_mrr_at_100_max": 0.4954616829727474,
        "nauc_mrr_at_100_std": 0.11912601446467709,
        "nauc_mrr_at_10_diff1": 0.5405556235684487,
        "nauc_mrr_at_10_max": 0.4968302256227757,
        "nauc_mrr_at_10_std": 0.11901074562837842,
        "nauc_mrr_at_1_diff1": 0.5784200958260632,
        "nauc_mrr_at_1_max": 0.4547916943790215,
        "nauc_mrr_at_1_std": 0.07491986239022638,
        "nauc_mrr_at_20_diff1": 0.5398560355010582,
        "nauc_mrr_at_20_max": 0.49636827311736104,
        "nauc_mrr_at_20_std": 0.12030652585335767,
        "nauc_mrr_at_3_diff1": 0.5372674237702703,
        "nauc_mrr_at_3_max": 0.48671755072189904,
        "nauc_mrr_at_3_std": 0.10114369269903573,
        "nauc_mrr_at_5_diff1": 0.535415625891357,
        "nauc_mrr_at_5_max": 0.49461842182723914,
        "nauc_mrr_at_5_std": 0.11764698608442815,
        "nauc_ndcg_at_1000_diff1": 0.53436648016918,
        "nauc_ndcg_at_1000_max": 0.5070926089464567,
        "nauc_ndcg_at_1000_std": 0.13812983403003204,
        "nauc_ndcg_at_100_diff1": 0.5316968898489522,
        "nauc_ndcg_at_100_max": 0.5138293670236886,
        "nauc_ndcg_at_100_std": 0.15206505120877023,
        "nauc_ndcg_at_10_diff1": 0.5318453983519785,
        "nauc_ndcg_at_10_max": 0.5214300422097524,
        "nauc_ndcg_at_10_std": 0.15338161743473994,
        "nauc_ndcg_at_1_diff1": 0.5784200958260632,
        "nauc_ndcg_at_1_max": 0.4547916943790215,
        "nauc_ndcg_at_1_std": 0.07491986239022638,
        "nauc_ndcg_at_20_diff1": 0.5281270479810264,
        "nauc_ndcg_at_20_max": 0.5201178535265505,
        "nauc_ndcg_at_20_std": 0.16074657700731926,
        "nauc_ndcg_at_3_diff1": 0.5232999274978223,
        "nauc_ndcg_at_3_max": 0.4984011400110431,
        "nauc_ndcg_at_3_std": 0.11463337685325682,
        "nauc_ndcg_at_5_diff1": 0.5188745319040012,
        "nauc_ndcg_at_5_max": 0.5134700015728871,
        "nauc_ndcg_at_5_std": 0.14719578369792238,
        "nauc_precision_at_1000_diff1": 0.35807656395873844,
        "nauc_precision_at_1000_max": 1.0,
        "nauc_precision_at_1000_std": 1.0,
        "nauc_precision_at_100_diff1": 0.4289299052954494,
        "nauc_precision_at_100_max": 0.7651143790849659,
        "nauc_precision_at_100_std": 0.6668417366946805,
        "nauc_precision_at_10_diff1": 0.4957232439666704,
        "nauc_precision_at_10_max": 0.6588632733238348,
        "nauc_precision_at_10_std": 0.34784462288995416,
        "nauc_precision_at_1_diff1": 0.5784200958260632,
        "nauc_precision_at_1_max": 0.4547916943790215,
        "nauc_precision_at_1_std": 0.07491986239022638,
        "nauc_precision_at_20_diff1": 0.45138878879167277,
        "nauc_precision_at_20_max": 0.6925241794831138,
        "nauc_precision_at_20_std": 0.47553584040820374,
        "nauc_precision_at_3_diff1": 0.4777623321757138,
        "nauc_precision_at_3_max": 0.536797769434665,
        "nauc_precision_at_3_std": 0.16026509558765917,
        "nauc_precision_at_5_diff1": 0.45636261473598455,
        "nauc_precision_at_5_max": 0.5863602766485392,
        "nauc_precision_at_5_std": 0.26575380693431405,
        "nauc_recall_at_1000_diff1": 0.3580765639589976,
        "nauc_recall_at_1000_max": 1.0,
        "nauc_recall_at_1000_std": 1.0,
        "nauc_recall_at_100_diff1": 0.4289299052954522,
        "nauc_recall_at_100_max": 0.7651143790849655,
        "nauc_recall_at_100_std": 0.6668417366946783,
        "nauc_recall_at_10_diff1": 0.49572324396667106,
        "nauc_recall_at_10_max": 0.6588632733238351,
        "nauc_recall_at_10_std": 0.3478446228899531,
        "nauc_recall_at_1_diff1": 0.5784200958260632,
        "nauc_recall_at_1_max": 0.4547916943790215,
        "nauc_recall_at_1_std": 0.07491986239022638,
        "nauc_recall_at_20_diff1": 0.45138878879167316,
        "nauc_recall_at_20_max": 0.6925241794831143,
        "nauc_recall_at_20_std": 0.4755358404082049,
        "nauc_recall_at_3_diff1": 0.47776233217571307,
        "nauc_recall_at_3_max": 0.5367977694346642,
        "nauc_recall_at_3_std": 0.1602650955876591,
        "nauc_recall_at_5_diff1": 0.45636261473598505,
        "nauc_recall_at_5_max": 0.5863602766485404,
        "nauc_recall_at_5_std": 0.2657538069343153,
        "ndcg_at_1": 0.438,
        "ndcg_at_10": 0.61861,
        "ndcg_at_100": 0.6461,
        "ndcg_at_1000": 0.65298,
        "ndcg_at_20": 0.63135,
        "ndcg_at_3": 0.55547,
        "ndcg_at_5": 0.58659,
        "precision_at_1": 0.438,
        "precision_at_10": 0.0816,
        "precision_at_100": 0.00944,
        "precision_at_1000": 0.001,
        "precision_at_20": 0.0433,
        "precision_at_3": 0.21367,
        "precision_at_5": 0.1432,
        "recall_at_1": 0.438,
        "recall_at_10": 0.816,
        "recall_at_100": 0.944,
        "recall_at_1000": 0.999,
        "recall_at_20": 0.866,
        "recall_at_3": 0.641,
        "recall_at_5": 0.716
      }
    ]
  },
  "task_name": "KorBoKDictRetrieval"
}