{
  "dataset_revision": "main",
  "evaluation_time": 15.573365688323975,
  "kg_co2_emissions": null,
  "mteb_version": "1.12.49",
  "scores": {
    "train": [
      {
        "cosine": {
          "accuracy": 0.856,
          "accuracy_threshold": 0.9592295562562012,
          "ap": 0.6357708386570701,
          "f1": 0.5767441860465116,
          "f1_threshold": 0.9473996843708501,
          "precision": 0.5391304347826087,
          "recall": 0.62
        },
        "dot": {
          "accuracy": 0.856,
          "accuracy_threshold": 0.9658203125,
          "ap": 0.6327327026416568,
          "f1": 0.5798525798525799,
          "f1_threshold": 0.94970703125,
          "precision": 0.5700483091787439,
          "recall": 0.59
        },
        "euclidean": {
          "accuracy": 0.856,
          "accuracy_threshold": 0.28555021402352015,
          "ap": 0.635810499277737,
          "f1": 0.5767441860465116,
          "f1_threshold": 0.3243425346489304,
          "precision": 0.5391304347826087,
          "recall": 0.62
        },
        "hf_subset": "default",
        "languages": [
          "kor-Hang"
        ],
        "main_score": 0.6376968083030456,
        "manhattan": {
          "accuracy": 0.856,
          "accuracy_threshold": 14.402329415082932,
          "ap": 0.6376968083030456,
          "f1": 0.5819070904645477,
          "f1_threshold": 16.011373430490494,
          "precision": 0.569377990430622,
          "recall": 0.595
        },
        "max": {
          "accuracy": 0.856,
          "ap": 0.6376968083030456,
          "f1": 0.5819070904645477
        },
        "similarity": {
          "accuracy": 0.856,
          "accuracy_threshold": 0.9592295562562012,
          "ap": 0.6357708386570701,
          "f1": 0.5767441860465116,
          "f1_threshold": 0.9473996843708501,
          "precision": 0.5391304347826087,
          "recall": 0.62
        }
      }
    ]
  },
  "task_name": "KorContentACPairClassification"
}