{
  "dataset_revision": "main",
  "evaluation_time": 36.694013833999634,
  "kg_co2_emissions": null,
  "mteb_version": "1.12.49",
  "scores": {
    "train": [
      {
        "cosine_pearson": -0.019588104941056162,
        "cosine_spearman": -0.02866574087915138,
        "euclidean_pearson": -0.01772362151374577,
        "euclidean_spearman": -0.02891621822663911,
        "hf_subset": "default",
        "languages": [
          "kor-Hang"
        ],
        "main_score": -0.02866574087915138,
        "manhattan_pearson": -0.022581006423936748,
        "manhattan_spearman": -0.033090840684767954,
        "pearson": -0.019588104941056162,
        "spearman": -0.02866574087915138
      }
    ]
  },
  "task_name": "KorDartReportSTS"
}