{
  "dataset_revision": "main",
  "evaluation_time": 9.410437107086182,
  "kg_co2_emissions": null,
  "mteb_version": "1.12.49",
  "scores": {
    "train": [
      {
        "hf_subset": "default",
        "languages": [
          "kor-Hang"
        ],
        "main_score": 0.59509,
        "map_at_1": 0.413,
        "map_at_10": 0.53345,
        "map_at_100": 0.54102,
        "map_at_1000": 0.54124,
        "map_at_20": 0.53871,
        "map_at_3": 0.504,
        "map_at_5": 0.52065,
        "mrr_at_1": 0.413,
        "mrr_at_10": 0.5334535714285713,
        "mrr_at_100": 0.5410153862408117,
        "mrr_at_1000": 0.5412352311256633,
        "mrr_at_20": 0.5387137396873849,
        "mrr_at_3": 0.5039999999999994,
        "mrr_at_5": 0.5206499999999992,
        "nauc_map_at_1000_diff1": 0.49957758832949106,
        "nauc_map_at_1000_max": 0.41171317801777396,
        "nauc_map_at_1000_std": 0.03546880716656106,
        "nauc_map_at_100_diff1": 0.4994765063800428,
        "nauc_map_at_100_max": 0.41188673201776704,
        "nauc_map_at_100_std": 0.0358080708442118,
        "nauc_map_at_10_diff1": 0.4970887749766281,
        "nauc_map_at_10_max": 0.4126658157011892,
        "nauc_map_at_10_std": 0.03645085552713462,
        "nauc_map_at_1_diff1": 0.5396292383702209,
        "nauc_map_at_1_max": 0.3804476706823677,
        "nauc_map_at_1_std": -0.005345360178230218,
        "nauc_map_at_20_diff1": 0.4986671856311845,
        "nauc_map_at_20_max": 0.4122927244160849,
        "nauc_map_at_20_std": 0.036307840852702784,
        "nauc_map_at_3_diff1": 0.5031604868561389,
        "nauc_map_at_3_max": 0.4058847517926803,
        "nauc_map_at_3_std": 0.021204463340013285,
        "nauc_map_at_5_diff1": 0.49905925704748594,
        "nauc_map_at_5_max": 0.41298370170156606,
        "nauc_map_at_5_std": 0.03445875544280735,
        "nauc_mrr_at_1000_diff1": 0.49957758832949106,
        "nauc_mrr_at_1000_max": 0.41171317801777396,
        "nauc_mrr_at_1000_std": 0.03546880716656106,
        "nauc_mrr_at_100_diff1": 0.4994765063800428,
        "nauc_mrr_at_100_max": 0.41188673201776704,
        "nauc_mrr_at_100_std": 0.0358080708442118,
        "nauc_mrr_at_10_diff1": 0.4970887749766281,
        "nauc_mrr_at_10_max": 0.4126658157011892,
        "nauc_mrr_at_10_std": 0.03645085552713462,
        "nauc_mrr_at_1_diff1": 0.5396292383702209,
        "nauc_mrr_at_1_max": 0.3804476706823677,
        "nauc_mrr_at_1_std": -0.005345360178230218,
        "nauc_mrr_at_20_diff1": 0.4986671856311845,
        "nauc_mrr_at_20_max": 0.4122927244160849,
        "nauc_mrr_at_20_std": 0.036307840852702784,
        "nauc_mrr_at_3_diff1": 0.5031604868561389,
        "nauc_mrr_at_3_max": 0.4058847517926803,
        "nauc_mrr_at_3_std": 0.021204463340013285,
        "nauc_mrr_at_5_diff1": 0.49905925704748594,
        "nauc_mrr_at_5_max": 0.41298370170156606,
        "nauc_mrr_at_5_std": 0.03445875544280735,
        "nauc_ndcg_at_1000_diff1": 0.4920312858177005,
        "nauc_ndcg_at_1000_max": 0.41988219862549997,
        "nauc_ndcg_at_1000_std": 0.05110039239695863,
        "nauc_ndcg_at_100_diff1": 0.48989033612805283,
        "nauc_ndcg_at_100_max": 0.42569257696134316,
        "nauc_ndcg_at_100_std": 0.06274422581471625,
        "nauc_ndcg_at_10_diff1": 0.4766067907856184,
        "nauc_ndcg_at_10_max": 0.4287214121678291,
        "nauc_ndcg_at_10_std": 0.06521619399239653,
        "nauc_ndcg_at_1_diff1": 0.5396292383702209,
        "nauc_ndcg_at_1_max": 0.3804476706823677,
        "nauc_ndcg_at_1_std": -0.005345360178230218,
        "nauc_ndcg_at_20_diff1": 0.4824734774472725,
        "nauc_ndcg_at_20_max": 0.42807186579494666,
        "nauc_ndcg_at_20_std": 0.067823924142355,
        "nauc_ndcg_at_3_diff1": 0.49040020112263744,
        "nauc_ndcg_at_3_max": 0.4134953445660645,
        "nauc_ndcg_at_3_std": 0.031852278214310185,
        "nauc_ndcg_at_5_diff1": 0.48188270622736035,
        "nauc_ndcg_at_5_max": 0.4266233304083786,
        "nauc_ndcg_at_5_std": 0.05691662194846657,
        "nauc_precision_at_1000_diff1": 1.0,
        "nauc_precision_at_1000_max": 0.869281045751619,
        "nauc_precision_at_1000_std": 0.869281045751619,
        "nauc_precision_at_100_diff1": 0.4167197181903125,
        "nauc_precision_at_100_max": 0.7026462099991561,
        "nauc_precision_at_100_std": 0.6163419913419937,
        "nauc_precision_at_10_diff1": 0.3757087551398265,
        "nauc_precision_at_10_max": 0.5108230937552583,
        "nauc_precision_at_10_std": 0.21514415562555514,
        "nauc_precision_at_1_diff1": 0.5396292383702209,
        "nauc_precision_at_1_max": 0.3804476706823677,
        "nauc_precision_at_1_std": -0.005345360178230218,
        "nauc_precision_at_20_diff1": 0.37694455381751724,
        "nauc_precision_at_20_max": 0.5452876114113886,
        "nauc_precision_at_20_std": 0.3165193113075845,
        "nauc_precision_at_3_diff1": 0.4493699075165718,
        "nauc_precision_at_3_max": 0.4375293778597665,
        "nauc_precision_at_3_std": 0.06655077341791084,
        "nauc_precision_at_5_diff1": 0.4182973985365211,
        "nauc_precision_at_5_max": 0.47710690794739424,
        "nauc_precision_at_5_std": 0.1425042065234014,
        "nauc_recall_at_1000_diff1": 1.0,
        "nauc_recall_at_1000_max": 0.8692810457516946,
        "nauc_recall_at_1000_std": 0.8692810457516946,
        "nauc_recall_at_100_diff1": 0.4167197181903077,
        "nauc_recall_at_100_max": 0.7026462099991522,
        "nauc_recall_at_100_std": 0.6163419913419941,
        "nauc_recall_at_10_diff1": 0.3757087551398268,
        "nauc_recall_at_10_max": 0.5108230937552604,
        "nauc_recall_at_10_std": 0.21514415562555553,
        "nauc_recall_at_1_diff1": 0.5396292383702209,
        "nauc_recall_at_1_max": 0.3804476706823677,
        "nauc_recall_at_1_std": -0.005345360178230218,
        "nauc_recall_at_20_diff1": 0.3769445538175182,
        "nauc_recall_at_20_max": 0.5452876114113899,
        "nauc_recall_at_20_std": 0.31651931130758515,
        "nauc_recall_at_3_diff1": 0.4493699075165713,
        "nauc_recall_at_3_max": 0.43752937785976603,
        "nauc_recall_at_3_std": 0.06655077341791041,
        "nauc_recall_at_5_diff1": 0.4182973985365207,
        "nauc_recall_at_5_max": 0.4771069079473947,
        "nauc_recall_at_5_std": 0.1425042065234021,
        "ndcg_at_1": 0.413,
        "ndcg_at_10": 0.59509,
        "ndcg_at_100": 0.63095,
        "ndcg_at_1000": 0.6365,
        "ndcg_at_20": 0.61412,
        "ndcg_at_3": 0.53402,
        "ndcg_at_5": 0.56406,
        "precision_at_1": 0.413,
        "precision_at_10": 0.079,
        "precision_at_100": 0.00956,
        "precision_at_1000": 0.001,
        "precision_at_20": 0.04325,
        "precision_at_3": 0.207,
        "precision_at_5": 0.1388,
        "recall_at_1": 0.413,
        "recall_at_10": 0.79,
        "recall_at_100": 0.956,
        "recall_at_1000": 0.999,
        "recall_at_20": 0.865,
        "recall_at_3": 0.621,
        "recall_at_5": 0.694
      }
    ]
  },
  "task_name": "KorFSSDictRetrieval"
}