{
  "dataset_revision": "main",
  "evaluation_time": 81.86902332305908,
  "kg_co2_emissions": null,
  "mteb_version": "1.12.49",
  "scores": {
    "train": [
      {
        "cosine_pearson": 0.21241036897354176,
        "cosine_spearman": 0.051242044250214475,
        "euclidean_pearson": 0.04781577846350225,
        "euclidean_spearman": 0.05123316471111241,
        "hf_subset": "default",
        "languages": [
          "kor-Hang"
        ],
        "main_score": 0.051242044250214475,
        "manhattan_pearson": 0.037514606607637564,
        "manhattan_spearman": 0.044728014364937334,
        "pearson": 0.21241036897354176,
        "spearman": 0.051242044250214475
      }
    ]
  },
  "task_name": "KorFinSTS"
}