{
  "dataset_revision": "main",
  "evaluation_time": 33.16112756729126,
  "kg_co2_emissions": null,
  "mteb_version": "1.12.49",
  "scores": {
    "train": [
      {
        "cosine_pearson": -0.07094551344505663,
        "cosine_spearman": -0.08716611692573023,
        "euclidean_pearson": -0.06880533258101425,
        "euclidean_spearman": -0.08711045529295516,
        "hf_subset": "default",
        "languages": [
          "kor-Hang"
        ],
        "main_score": -0.08716611692573023,
        "manhattan_pearson": -0.0674752070509287,
        "manhattan_spearman": -0.08368726487728952,
        "pearson": -0.07094551344505663,
        "spearman": -0.08716611692573023
      }
    ]
  },
  "task_name": "KorFinLawSTS"
}