{
  "dataset_revision": "main",
  "evaluation_time": 13.589149475097656,
  "kg_co2_emissions": null,
  "mteb_version": "1.12.49",
  "scores": {
    "test": [
      {
        "cosine_pearson": 0.001613958530631867,
        "cosine_spearman": -0.010510707847856135,
        "euclidean_pearson": -0.019468197276539694,
        "euclidean_spearman": -0.010600542957666874,
        "hf_subset": "default",
        "languages": [
          "eng-Latn",
          "kor-Hang",
          "zho-Hans"
        ],
        "main_score": -0.010510707847856135,
        "manhattan_pearson": -0.01705548937824351,
        "manhattan_spearman": -0.005300271478833437,
        "pearson": 0.001613958530631867,
        "spearman": -0.010510707847856135
      }
    ]
  },
  "task_name": "KorFinSTS"
}