{
  "dataset_revision": "main",
  "evaluation_time": 1794.4152410030365,
  "kg_co2_emissions": null,
  "mteb_version": "1.12.49",
  "scores": {
    "test": [
      {
        "hf_subset": "default",
        "languages": [
          "kor-Hang"
        ],
        "main_score": 0.9679477717158734,
        "map": 0.9679477717158734,
        "mrr": 0.9679477717158734,
        "nAUC_map_diff1": 0.817992068322809,
        "nAUC_map_max": 0.6572651262012909,
        "nAUC_map_std": 0.4998298787081981,
        "nAUC_mrr_diff1": 0.817992068322809,
        "nAUC_mrr_max": 0.6572651262012909,
        "nAUC_mrr_std": 0.4998298787081981
      }
    ]
  },
  "task_name": "KorFiQA2018Reranking"
}