{
  "dataset_revision": "main",
  "evaluation_time": 18.084980726242065,
  "kg_co2_emissions": null,
  "mteb_version": "1.12.49",
  "scores": {
    "train": [
      {
        "hf_subset": "default",
        "languages": [
          "kor-Hang"
        ],
        "main_score": 0.58306,
        "map_at_1": 0.468,
        "map_at_10": 0.54149,
        "map_at_100": 0.5517,
        "map_at_1000": 0.55197,
        "map_at_20": 0.54766,
        "map_at_3": 0.51883,
        "map_at_5": 0.53028,
        "mrr_at_1": 0.468,
        "mrr_at_10": 0.5414876984126985,
        "mrr_at_100": 0.5516963631921505,
        "mrr_at_1000": 0.551973611535301,
        "mrr_at_20": 0.5476584993180192,
        "mrr_at_3": 0.5188333333333331,
        "mrr_at_5": 0.5302833333333331,
        "nauc_map_at_1000_diff1": 0.7401455823650237,
        "nauc_map_at_1000_max": -0.04722949543289747,
        "nauc_map_at_1000_std": -0.5842176625349543,
        "nauc_map_at_100_diff1": 0.7400162609378163,
        "nauc_map_at_100_max": -0.04725340918166453,
        "nauc_map_at_100_std": -0.5841803058446059,
        "nauc_map_at_10_diff1": 0.7390821275269004,
        "nauc_map_at_10_max": -0.05089174832377062,
        "nauc_map_at_10_std": -0.5892307860663183,
        "nauc_map_at_1_diff1": 0.7781124656747256,
        "nauc_map_at_1_max": -0.02492107163375127,
        "nauc_map_at_1_std": -0.5562381080383072,
        "nauc_map_at_20_diff1": 0.7389124445498387,
        "nauc_map_at_20_max": -0.048583102173898024,
        "nauc_map_at_20_std": -0.5861121364038131,
        "nauc_map_at_3_diff1": 0.7437073955830484,
        "nauc_map_at_3_max": -0.04826709127518791,
        "nauc_map_at_3_std": -0.5835393989622122,
        "nauc_map_at_5_diff1": 0.7410555799107439,
        "nauc_map_at_5_max": -0.04619450868818619,
        "nauc_map_at_5_std": -0.5846334144930794,
        "nauc_mrr_at_1000_diff1": 0.7401455823650237,
        "nauc_mrr_at_1000_max": -0.04722949543289747,
        "nauc_mrr_at_1000_std": -0.5842176625349543,
        "nauc_mrr_at_100_diff1": 0.7400162609378163,
        "nauc_mrr_at_100_max": -0.04725340918166453,
        "nauc_mrr_at_100_std": -0.5841803058446059,
        "nauc_mrr_at_10_diff1": 0.7390821275269004,
        "nauc_mrr_at_10_max": -0.05089174832377062,
        "nauc_mrr_at_10_std": -0.5892307860663183,
        "nauc_mrr_at_1_diff1": 0.7781124656747256,
        "nauc_mrr_at_1_max": -0.02492107163375127,
        "nauc_mrr_at_1_std": -0.5562381080383072,
        "nauc_mrr_at_20_diff1": 0.7389124445498387,
        "nauc_mrr_at_20_max": -0.048583102173898024,
        "nauc_mrr_at_20_std": -0.5861121364038131,
        "nauc_mrr_at_3_diff1": 0.7437073955830484,
        "nauc_mrr_at_3_max": -0.04826709127518791,
        "nauc_mrr_at_3_std": -0.5835393989622122,
        "nauc_mrr_at_5_diff1": 0.7410555799107439,
        "nauc_mrr_at_5_max": -0.04619450868818619,
        "nauc_mrr_at_5_std": -0.5846334144930794,
        "nauc_ndcg_at_1000_diff1": 0.7310521836188651,
        "nauc_ndcg_at_1000_max": -0.04920748684718071,
        "nauc_ndcg_at_1000_std": -0.5870972306713087,
        "nauc_ndcg_at_100_diff1": 0.7277572745296975,
        "nauc_ndcg_at_100_max": -0.04881340768285778,
        "nauc_ndcg_at_100_std": -0.5852248859430589,
        "nauc_ndcg_at_10_diff1": 0.7210425333019796,
        "nauc_ndcg_at_10_max": -0.06474839513964038,
        "nauc_ndcg_at_10_std": -0.6091086271323091,
        "nauc_ndcg_at_1_diff1": 0.7781124656747256,
        "nauc_ndcg_at_1_max": -0.02492107163375127,
        "nauc_ndcg_at_1_std": -0.5562381080383072,
        "nauc_ndcg_at_20_diff1": 0.7192000577154802,
        "nauc_ndcg_at_20_max": -0.057061675974049264,
        "nauc_ndcg_at_20_std": -0.5974539234474895,
        "nauc_ndcg_at_3_diff1": 0.7327227818215679,
        "nauc_ndcg_at_3_max": -0.055493188159177254,
        "nauc_ndcg_at_3_std": -0.5935939278571567,
        "nauc_ndcg_at_5_diff1": 0.727593360722601,
        "nauc_ndcg_at_5_max": -0.051182167384132234,
        "nauc_ndcg_at_5_std": -0.5961571383135503,
        "nauc_precision_at_1000_diff1": -0.5634920634924371,
        "nauc_precision_at_1000_max": 1.0,
        "nauc_precision_at_1000_std": 1.0,
        "nauc_precision_at_100_diff1": 0.5464356285149716,
        "nauc_precision_at_100_max": 0.006307949536399508,
        "nauc_precision_at_100_std": -0.4531626604130131,
        "nauc_precision_at_10_diff1": 0.6468425740495943,
        "nauc_precision_at_10_max": -0.12486360653629765,
        "nauc_precision_at_10_std": -0.6939302308429838,
        "nauc_precision_at_1_diff1": 0.7781124656747256,
        "nauc_precision_at_1_max": -0.02492107163375127,
        "nauc_precision_at_1_std": -0.5562381080383072,
        "nauc_precision_at_20_diff1": 0.6096592319421295,
        "nauc_precision_at_20_max": -0.0996545208629903,
        "nauc_precision_at_20_std": -0.6488827650488599,
        "nauc_precision_at_3_diff1": 0.6993481732271101,
        "nauc_precision_at_3_max": -0.07736988915163595,
        "nauc_precision_at_3_std": -0.6246033338859751,
        "nauc_precision_at_5_diff1": 0.6832038876256831,
        "nauc_precision_at_5_max": -0.06598185711652052,
        "nauc_precision_at_5_std": -0.6345991122372283,
        "nauc_recall_at_1000_diff1": -0.563492063491993,
        "nauc_recall_at_1000_max": 1.0,
        "nauc_recall_at_1000_std": 1.0,
        "nauc_recall_at_100_diff1": 0.5464356285149722,
        "nauc_recall_at_100_max": 0.006307949536405531,
        "nauc_recall_at_100_std": -0.4531626604129968,
        "nauc_recall_at_10_diff1": 0.646842574049595,
        "nauc_recall_at_10_max": -0.12486360653629615,
        "nauc_recall_at_10_std": -0.6939302308429822,
        "nauc_recall_at_1_diff1": 0.7781124656747256,
        "nauc_recall_at_1_max": -0.02492107163375127,
        "nauc_recall_at_1_std": -0.5562381080383072,
        "nauc_recall_at_20_diff1": 0.6096592319421299,
        "nauc_recall_at_20_max": -0.09965452086298826,
        "nauc_recall_at_20_std": -0.648882765048859,
        "nauc_recall_at_3_diff1": 0.6993481732271093,
        "nauc_recall_at_3_max": -0.0773698891516357,
        "nauc_recall_at_3_std": -0.6246033338859751,
        "nauc_recall_at_5_diff1": 0.6832038876256841,
        "nauc_recall_at_5_max": -0.06598185711651983,
        "nauc_recall_at_5_std": -0.6345991122372283,
        "ndcg_at_1": 0.468,
        "ndcg_at_10": 0.58306,
        "ndcg_at_100": 0.63383,
        "ndcg_at_1000": 0.63957,
        "ndcg_at_20": 0.60506,
        "ndcg_at_3": 0.53508,
        "ndcg_at_5": 0.55591,
        "precision_at_1": 0.468,
        "precision_at_10": 0.0717,
        "precision_at_100": 0.00957,
        "precision_at_1000": 0.001,
        "precision_at_20": 0.04015,
        "precision_at_3": 0.194,
        "precision_at_5": 0.1266,
        "recall_at_1": 0.468,
        "recall_at_10": 0.717,
        "recall_at_100": 0.957,
        "recall_at_1000": 0.999,
        "recall_at_20": 0.803,
        "recall_at_3": 0.582,
        "recall_at_5": 0.633
      }
    ]
  },
  "task_name": "KorMarketReportRetrieval"
}