{
  "dataset_revision": "main",
  "evaluation_time": 18.2860369682312,
  "kg_co2_emissions": null,
  "mteb_version": "1.12.49",
  "scores": {
    "train": [
      {
        "hf_subset": "default",
        "languages": [
          "kor-Hang"
        ],
        "main_score": 0.60197,
        "map_at_1": 0.49,
        "map_at_10": 0.56068,
        "map_at_100": 0.57067,
        "map_at_1000": 0.57088,
        "map_at_20": 0.56703,
        "map_at_3": 0.5355,
        "map_at_5": 0.55015,
        "mrr_at_1": 0.49,
        "mrr_at_10": 0.5606769841269843,
        "mrr_at_100": 0.5706730443667183,
        "mrr_at_1000": 0.5708775572808489,
        "mrr_at_20": 0.5670323552565425,
        "mrr_at_3": 0.5354999999999998,
        "mrr_at_5": 0.5501499999999999,
        "nauc_map_at_1000_diff1": 0.7521547758946625,
        "nauc_map_at_1000_max": -0.0791513516632842,
        "nauc_map_at_1000_std": -0.5942404624947576,
        "nauc_map_at_100_diff1": 0.7520187450936576,
        "nauc_map_at_100_max": -0.07924010443295054,
        "nauc_map_at_100_std": -0.5942883103479547,
        "nauc_map_at_10_diff1": 0.7516735791448527,
        "nauc_map_at_10_max": -0.08315196682281814,
        "nauc_map_at_10_std": -0.6002257013853097,
        "nauc_map_at_1_diff1": 0.7828462549626223,
        "nauc_map_at_1_max": -0.05624526974094783,
        "nauc_map_at_1_std": -0.5609801760652209,
        "nauc_map_at_20_diff1": 0.7510788507248576,
        "nauc_map_at_20_max": -0.08077450406412556,
        "nauc_map_at_20_std": -0.5956003361728444,
        "nauc_map_at_3_diff1": 0.7564088778633602,
        "nauc_map_at_3_max": -0.08012239077314905,
        "nauc_map_at_3_std": -0.5898100801732635,
        "nauc_map_at_5_diff1": 0.754569670438052,
        "nauc_map_at_5_max": -0.07936357366424993,
        "nauc_map_at_5_std": -0.5980481877393271,
        "nauc_mrr_at_1000_diff1": 0.7521547758946625,
        "nauc_mrr_at_1000_max": -0.0791513516632842,
        "nauc_mrr_at_1000_std": -0.5942404624947576,
        "nauc_mrr_at_100_diff1": 0.7520187450936576,
        "nauc_mrr_at_100_max": -0.07924010443295054,
        "nauc_mrr_at_100_std": -0.5942883103479547,
        "nauc_mrr_at_10_diff1": 0.7516735791448527,
        "nauc_mrr_at_10_max": -0.08315196682281814,
        "nauc_mrr_at_10_std": -0.6002257013853097,
        "nauc_mrr_at_1_diff1": 0.7828462549626223,
        "nauc_mrr_at_1_max": -0.05624526974094783,
        "nauc_mrr_at_1_std": -0.5609801760652209,
        "nauc_mrr_at_20_diff1": 0.7510788507248576,
        "nauc_mrr_at_20_max": -0.08077450406412556,
        "nauc_mrr_at_20_std": -0.5956003361728444,
        "nauc_mrr_at_3_diff1": 0.7564088778633602,
        "nauc_mrr_at_3_max": -0.08012239077314905,
        "nauc_mrr_at_3_std": -0.5898100801732635,
        "nauc_mrr_at_5_diff1": 0.754569670438052,
        "nauc_mrr_at_5_max": -0.07936357366424993,
        "nauc_mrr_at_5_std": -0.5980481877393271,
        "nauc_ndcg_at_1000_diff1": 0.7436974474503184,
        "nauc_ndcg_at_1000_max": -0.08247141080859594,
        "nauc_ndcg_at_1000_std": -0.5985056128745527,
        "nauc_ndcg_at_100_diff1": 0.7402100666262239,
        "nauc_ndcg_at_100_max": -0.08357465905939304,
        "nauc_ndcg_at_100_std": -0.5985456752621513,
        "nauc_ndcg_at_10_diff1": 0.7356994482065596,
        "nauc_ndcg_at_10_max": -0.10048215338950713,
        "nauc_ndcg_at_10_std": -0.624290308154133,
        "nauc_ndcg_at_1_diff1": 0.7828462549626223,
        "nauc_ndcg_at_1_max": -0.05624526974094783,
        "nauc_ndcg_at_1_std": -0.5609801760652209,
        "nauc_ndcg_at_20_diff1": 0.7330011589933128,
        "nauc_ndcg_at_20_max": -0.0926993689044876,
        "nauc_ndcg_at_20_std": -0.6073239529494241,
        "nauc_ndcg_at_3_diff1": 0.7476496478758814,
        "nauc_ndcg_at_3_max": -0.0892250274023739,
        "nauc_ndcg_at_3_std": -0.5996283857171845,
        "nauc_ndcg_at_5_diff1": 0.7436161060409513,
        "nauc_ndcg_at_5_max": -0.08919941015624379,
        "nauc_ndcg_at_5_std": -0.6163099398978241,
        "nauc_precision_at_1000_diff1": -0.5634920634924371,
        "nauc_precision_at_1000_max": 1.0,
        "nauc_precision_at_1000_std": 1.0,
        "nauc_precision_at_100_diff1": 0.4990097048920513,
        "nauc_precision_at_100_max": -0.09349800526271353,
        "nauc_precision_at_100_std": -0.5323685029567431,
        "nauc_precision_at_10_diff1": 0.6670718926849716,
        "nauc_precision_at_10_max": -0.1781617111317384,
        "nauc_precision_at_10_std": -0.7302951362896865,
        "nauc_precision_at_1_diff1": 0.7828462549626223,
        "nauc_precision_at_1_max": -0.05624526974094783,
        "nauc_precision_at_1_std": -0.5609801760652209,
        "nauc_precision_at_20_diff1": 0.6214876930019481,
        "nauc_precision_at_20_max": -0.16108201047623041,
        "nauc_precision_at_20_std": -0.6608963630236001,
        "nauc_precision_at_3_diff1": 0.7209031438253013,
        "nauc_precision_at_3_max": -0.11741693335843349,
        "nauc_precision_at_3_std": -0.629697500941265,
        "nauc_precision_at_5_diff1": 0.7060964363077233,
        "nauc_precision_at_5_max": -0.12333598948099611,
        "nauc_precision_at_5_std": -0.68107420550664,
        "nauc_recall_at_1000_diff1": -0.563492063491993,
        "nauc_recall_at_1000_max": 1.0,
        "nauc_recall_at_1000_std": 1.0,
        "nauc_recall_at_100_diff1": 0.49900970489205926,
        "nauc_recall_at_100_max": -0.09349800526271144,
        "nauc_recall_at_100_std": -0.5323685029567308,
        "nauc_recall_at_10_diff1": 0.6670718926849721,
        "nauc_recall_at_10_max": -0.17816171113173854,
        "nauc_recall_at_10_std": -0.7302951362896868,
        "nauc_recall_at_1_diff1": 0.7828462549626223,
        "nauc_recall_at_1_max": -0.05624526974094783,
        "nauc_recall_at_1_std": -0.5609801760652209,
        "nauc_recall_at_20_diff1": 0.6214876930019476,
        "nauc_recall_at_20_max": -0.1610820104762282,
        "nauc_recall_at_20_std": -0.6608963630235966,
        "nauc_recall_at_3_diff1": 0.7209031438253011,
        "nauc_recall_at_3_max": -0.1174169333584332,
        "nauc_recall_at_3_std": -0.6296975009412645,
        "nauc_recall_at_5_diff1": 0.7060964363077236,
        "nauc_recall_at_5_max": -0.12333598948099546,
        "nauc_recall_at_5_std": -0.6810742055066401,
        "ndcg_at_1": 0.49,
        "ndcg_at_10": 0.60197,
        "ndcg_at_100": 0.65127,
        "ndcg_at_1000": 0.65561,
        "ndcg_at_20": 0.6252,
        "ndcg_at_3": 0.55003,
        "ndcg_at_5": 0.57663,
        "precision_at_1": 0.49,
        "precision_at_10": 0.0735,
        "precision_at_100": 0.00967,
        "precision_at_1000": 0.001,
        "precision_at_20": 0.04135,
        "precision_at_3": 0.19733,
        "precision_at_5": 0.1314,
        "recall_at_1": 0.49,
        "recall_at_10": 0.735,
        "recall_at_100": 0.967,
        "recall_at_1000": 0.999,
        "recall_at_20": 0.827,
        "recall_at_3": 0.592,
        "recall_at_5": 0.657
      }
    ]
  },
  "task_name": "KorNewsRetrieval"
}