{
  "dataset_revision": "main",
  "evaluation_time": 17.450854539871216,
  "kg_co2_emissions": null,
  "mteb_version": "1.12.49",
  "scores": {
    "train": [
      {
        "hf_subset": "default",
        "languages": [
          "kor-Hang"
        ],
        "main_score": 0.66002,
        "map_at_1": 0.569,
        "map_at_10": 0.62679,
        "map_at_100": 0.63302,
        "map_at_1000": 0.63342,
        "map_at_20": 0.63067,
        "map_at_3": 0.60667,
        "map_at_5": 0.61822,
        "mrr_at_1": 0.569,
        "mrr_at_10": 0.6267892857142856,
        "mrr_at_100": 0.6330181338390332,
        "mrr_at_1000": 0.6334209312153806,
        "mrr_at_20": 0.630671218032054,
        "mrr_at_3": 0.6066666666666666,
        "mrr_at_5": 0.6182166666666667,
        "nauc_map_at_1000_diff1": 0.804959692178572,
        "nauc_map_at_1000_max": 0.2601642103543522,
        "nauc_map_at_1000_std": -0.5548286685093529,
        "nauc_map_at_100_diff1": 0.8047821059977899,
        "nauc_map_at_100_max": 0.259989407710684,
        "nauc_map_at_100_std": -0.5549310349161262,
        "nauc_map_at_10_diff1": 0.8042546572106107,
        "nauc_map_at_10_max": 0.26217189338924335,
        "nauc_map_at_10_std": -0.5529509175789157,
        "nauc_map_at_1_diff1": 0.8354059838555458,
        "nauc_map_at_1_max": 0.26944265650960403,
        "nauc_map_at_1_std": -0.5456415564159942,
        "nauc_map_at_20_diff1": 0.8042394108124657,
        "nauc_map_at_20_max": 0.2600607655581613,
        "nauc_map_at_20_std": -0.5542101038389556,
        "nauc_map_at_3_diff1": 0.8126644861561177,
        "nauc_map_at_3_max": 0.2569201720817137,
        "nauc_map_at_3_std": -0.569448923983762,
        "nauc_map_at_5_diff1": 0.8066671953238681,
        "nauc_map_at_5_max": 0.2607944901766204,
        "nauc_map_at_5_std": -0.5579697539050813,
        "nauc_mrr_at_1000_diff1": 0.804959692178572,
        "nauc_mrr_at_1000_max": 0.2601642103543522,
        "nauc_mrr_at_1000_std": -0.5548286685093529,
        "nauc_mrr_at_100_diff1": 0.8047821059977899,
        "nauc_mrr_at_100_max": 0.259989407710684,
        "nauc_mrr_at_100_std": -0.5549310349161262,
        "nauc_mrr_at_10_diff1": 0.8042546572106107,
        "nauc_mrr_at_10_max": 0.26217189338924335,
        "nauc_mrr_at_10_std": -0.5529509175789157,
        "nauc_mrr_at_1_diff1": 0.8354059838555458,
        "nauc_mrr_at_1_max": 0.26944265650960403,
        "nauc_mrr_at_1_std": -0.5456415564159942,
        "nauc_mrr_at_20_diff1": 0.8042394108124657,
        "nauc_mrr_at_20_max": 0.2600607655581613,
        "nauc_mrr_at_20_std": -0.5542101038389556,
        "nauc_mrr_at_3_diff1": 0.8126644861561177,
        "nauc_mrr_at_3_max": 0.2569201720817137,
        "nauc_mrr_at_3_std": -0.569448923983762,
        "nauc_mrr_at_5_diff1": 0.8066671953238681,
        "nauc_mrr_at_5_max": 0.2607944901766204,
        "nauc_mrr_at_5_std": -0.5579697539050813,
        "nauc_ndcg_at_1000_diff1": 0.7958979070062216,
        "nauc_ndcg_at_1000_max": 0.2571241118049603,
        "nauc_ndcg_at_1000_std": -0.5533888911762822,
        "nauc_ndcg_at_100_diff1": 0.7905171983023109,
        "nauc_ndcg_at_100_max": 0.25083404894762673,
        "nauc_ndcg_at_100_std": -0.5553842754027349,
        "nauc_ndcg_at_10_diff1": 0.7863909154171688,
        "nauc_ndcg_at_10_max": 0.2624754352082713,
        "nauc_ndcg_at_10_std": -0.5451059393421566,
        "nauc_ndcg_at_1_diff1": 0.8354059838555458,
        "nauc_ndcg_at_1_max": 0.26944265650960403,
        "nauc_ndcg_at_1_std": -0.5456415564159942,
        "nauc_ndcg_at_20_diff1": 0.7859762689490043,
        "nauc_ndcg_at_20_max": 0.2533623446584814,
        "nauc_ndcg_at_20_std": -0.5508171157757188,
        "nauc_ndcg_at_3_diff1": 0.8048307429618324,
        "nauc_ndcg_at_3_max": 0.25265089523275547,
        "nauc_ndcg_at_3_std": -0.5776431141130126,
        "nauc_ndcg_at_5_diff1": 0.7934175637918768,
        "nauc_ndcg_at_5_max": 0.2596162438474599,
        "nauc_ndcg_at_5_std": -0.55734825714986,
        "nauc_precision_at_1000_diff1": 0.55415499533131,
        "nauc_precision_at_1000_max": 1.0,
        "nauc_precision_at_1000_std": 0.7222222222221585,
        "nauc_precision_at_100_diff1": 0.6560442358761664,
        "nauc_precision_at_100_max": 0.10302302739277439,
        "nauc_precision_at_100_std": -0.5801350843367667,
        "nauc_precision_at_10_diff1": 0.7079815971168513,
        "nauc_precision_at_10_max": 0.26574312605354594,
        "nauc_precision_at_10_std": -0.5043493092273602,
        "nauc_precision_at_1_diff1": 0.8354059838555458,
        "nauc_precision_at_1_max": 0.26944265650960403,
        "nauc_precision_at_1_std": -0.5456415564159942,
        "nauc_precision_at_20_diff1": 0.6850190758796098,
        "nauc_precision_at_20_max": 0.2070255758089581,
        "nauc_precision_at_20_std": -0.5325392115303105,
        "nauc_precision_at_3_diff1": 0.7804150999608772,
        "nauc_precision_at_3_max": 0.23935935988371101,
        "nauc_precision_at_3_std": -0.603179955769378,
        "nauc_precision_at_5_diff1": 0.7467368141859788,
        "nauc_precision_at_5_max": 0.25672575069169407,
        "nauc_precision_at_5_std": -0.5525025478736852,
        "nauc_recall_at_1000_diff1": 0.554154995331521,
        "nauc_recall_at_1000_max": 1.0,
        "nauc_recall_at_1000_std": 0.7222222222222368,
        "nauc_recall_at_100_diff1": 0.6560442358761677,
        "nauc_recall_at_100_max": 0.10302302739277404,
        "nauc_recall_at_100_std": -0.5801350843367642,
        "nauc_recall_at_10_diff1": 0.7079815971168519,
        "nauc_recall_at_10_max": 0.2657431260535473,
        "nauc_recall_at_10_std": -0.5043493092273583,
        "nauc_recall_at_1_diff1": 0.8354059838555458,
        "nauc_recall_at_1_max": 0.26944265650960403,
        "nauc_recall_at_1_std": -0.5456415564159942,
        "nauc_recall_at_20_diff1": 0.6850190758796096,
        "nauc_recall_at_20_max": 0.2070255758089591,
        "nauc_recall_at_20_std": -0.5325392115303084,
        "nauc_recall_at_3_diff1": 0.7804150999608769,
        "nauc_recall_at_3_max": 0.2393593598837102,
        "nauc_recall_at_3_std": -0.6031799557693789,
        "nauc_recall_at_5_diff1": 0.7467368141859794,
        "nauc_recall_at_5_max": 0.2567257506916962,
        "nauc_recall_at_5_std": -0.5525025478736834,
        "ndcg_at_1": 0.569,
        "ndcg_at_10": 0.66002,
        "ndcg_at_100": 0.69233,
        "ndcg_at_1000": 0.70228,
        "ndcg_at_20": 0.67451,
        "ndcg_at_3": 0.61859,
        "ndcg_at_5": 0.6393,
        "precision_at_1": 0.569,
        "precision_at_10": 0.0767,
        "precision_at_100": 0.00923,
        "precision_at_1000": 0.001,
        "precision_at_20": 0.04125,
        "precision_at_3": 0.21767,
        "precision_at_5": 0.1406,
        "recall_at_1": 0.569,
        "recall_at_10": 0.767,
        "recall_at_100": 0.923,
        "recall_at_1000": 0.999,
        "recall_at_20": 0.825,
        "recall_at_3": 0.653,
        "recall_at_5": 0.703
      }
    ]
  },
  "task_name": "KorTATQARetrieval"
}