{
  "dataset_revision": "main",
  "evaluation_time": 211.0117826461792,
  "kg_co2_emissions": null,
  "mteb_version": "1.12.49",
  "scores": {
    "test": [
      {
        "hf_subset": "default",
        "languages": [
          "kor-Hang"
        ],
        "main_score": 0.854828391053391,
        "map": 0.854828391053391,
        "mrr": 0.8542829365079365,
        "nAUC_map_diff1": 0.7654401795205279,
        "nAUC_map_max": 0.6571919008484104,
        "nAUC_map_std": 0.6087064612493455,
        "nAUC_mrr_diff1": 0.7651344059097263,
        "nAUC_mrr_max": 0.6580252683535998,
        "nAUC_mrr_std": 0.6094356911040888
      }
    ]
  },
  "task_name": "FiQA2018Reranking"
}