{
  "dataset_revision": "main",
  "evaluation_time": 136.4264621734619,
  "kg_co2_emissions": null,
  "mteb_version": "1.12.49",
  "scores": {
    "test": [
      {
        "cosine": {
          "accuracy": 0.7254632807137955,
          "accuracy_threshold": 0.08660267114389758,
          "ap": 0.7632799472578553,
          "f1": 0.8408656906429025,
          "f1_threshold": 0.08660267114389758,
          "precision": 0.7254255903349808,
          "recall": 1.0
        },
        "dot": {
          "accuracy": 0.7254632807137955,
          "accuracy_threshold": 0.08660266994622717,
          "ap": 0.7632799870511109,
          "f1": 0.8408656906429025,
          "f1_threshold": 0.08660266994622717,
          "precision": 0.7254255903349808,
          "recall": 1.0
        },
        "euclidean": {
          "accuracy": 0.7254632807137955,
          "accuracy_threshold": 1.351586358597417,
          "ap": 0.7632799073303742,
          "f1": 0.8408656906429025,
          "f1_threshold": 1.351586358597417,
          "precision": 0.7254255903349808,
          "recall": 1.0
        },
        "hf_subset": "default",
        "languages": [
          "kor-Hang"
        ],
        "main_score": 0.7636186668750324,
        "manhattan": {
          "accuracy": 0.7253260123541524,
          "accuracy_threshold": 41.552346084009514,
          "ap": 0.7636186668750324,
          "f1": 0.8407734542850323,
          "f1_threshold": 41.552346084009514,
          "precision": 0.7253878896059316,
          "recall": 0.9998107494322483
        },
        "max": {
          "accuracy": 0.7254632807137955,
          "ap": 0.7636186668750324,
          "f1": 0.8408656906429025
        },
        "similarity": {
          "accuracy": 0.7254632807137955,
          "accuracy_threshold": 0.08660267114389758,
          "ap": 0.7632799472578553,
          "f1": 0.8408656906429025,
          "f1_threshold": 0.08660267114389758,
          "precision": 0.7254255903349808,
          "recall": 1.0
        }
      }
    ]
  },
  "task_name": "HeadlineACPairClassification"
}