{
  "dataset_revision": "main",
  "evaluation_time": 52.00681495666504,
  "kg_co2_emissions": null,
  "mteb_version": "1.12.49",
  "scores": {
    "train": [
      {
        "hf_subset": "default",
        "languages": [
          "kor-Hang"
        ],
        "main_score": 0.32422,
        "map_at_1": 0.208,
        "map_at_10": 0.28193,
        "map_at_100": 0.29311,
        "map_at_1000": 0.29413,
        "map_at_20": 0.28779,
        "map_at_3": 0.25717,
        "map_at_5": 0.27202,
        "mrr_at_1": 0.208,
        "mrr_at_10": 0.28192698412698397,
        "mrr_at_100": 0.29310956719954323,
        "mrr_at_1000": 0.29413234482363404,
        "mrr_at_20": 0.2877852168557275,
        "mrr_at_3": 0.2571666666666669,
        "mrr_at_5": 0.2720166666666667,
        "nauc_map_at_1000_diff1": 0.4205063671381553,
        "nauc_map_at_1000_max": 0.4966624583971647,
        "nauc_map_at_1000_std": 0.1968346190929999,
        "nauc_map_at_100_diff1": 0.42008055496010555,
        "nauc_map_at_100_max": 0.4967021581563669,
        "nauc_map_at_100_std": 0.19730654281910956,
        "nauc_map_at_10_diff1": 0.4209979416848058,
        "nauc_map_at_10_max": 0.4920145375822377,
        "nauc_map_at_10_std": 0.18856670124119798,
        "nauc_map_at_1_diff1": 0.4881282429545223,
        "nauc_map_at_1_max": 0.5241759080272661,
        "nauc_map_at_1_std": 0.19083038711974765,
        "nauc_map_at_20_diff1": 0.4198130554218807,
        "nauc_map_at_20_max": 0.49467844022841717,
        "nauc_map_at_20_std": 0.19367567388957915,
        "nauc_map_at_3_diff1": 0.4284284250077072,
        "nauc_map_at_3_max": 0.49863491050700287,
        "nauc_map_at_3_std": 0.1933982148510507,
        "nauc_map_at_5_diff1": 0.42517682585693733,
        "nauc_map_at_5_max": 0.49385476554102553,
        "nauc_map_at_5_std": 0.18601941392091292,
        "nauc_mrr_at_1000_diff1": 0.4205063671381553,
        "nauc_mrr_at_1000_max": 0.4966624583971647,
        "nauc_mrr_at_1000_std": 0.1968346190929999,
        "nauc_mrr_at_100_diff1": 0.42008055496010555,
        "nauc_mrr_at_100_max": 0.4967021581563669,
        "nauc_mrr_at_100_std": 0.19730654281910956,
        "nauc_mrr_at_10_diff1": 0.4209979416848058,
        "nauc_mrr_at_10_max": 0.4920145375822377,
        "nauc_mrr_at_10_std": 0.18856670124119798,
        "nauc_mrr_at_1_diff1": 0.4881282429545223,
        "nauc_mrr_at_1_max": 0.5241759080272661,
        "nauc_mrr_at_1_std": 0.19083038711974765,
        "nauc_mrr_at_20_diff1": 0.4198130554218807,
        "nauc_mrr_at_20_max": 0.49467844022841717,
        "nauc_mrr_at_20_std": 0.19367567388957915,
        "nauc_mrr_at_3_diff1": 0.4284284250077072,
        "nauc_mrr_at_3_max": 0.49863491050700287,
        "nauc_mrr_at_3_std": 0.1933982148510507,
        "nauc_mrr_at_5_diff1": 0.42517682585693733,
        "nauc_mrr_at_5_max": 0.49385476554102553,
        "nauc_mrr_at_5_std": 0.18601941392091292,
        "nauc_ndcg_at_1000_diff1": 0.4052129024806584,
        "nauc_ndcg_at_1000_max": 0.4972904345353485,
        "nauc_ndcg_at_1000_std": 0.21081054970696458,
        "nauc_ndcg_at_100_diff1": 0.39501342116765603,
        "nauc_ndcg_at_100_max": 0.5024946936389515,
        "nauc_ndcg_at_100_std": 0.23000004302638832,
        "nauc_ndcg_at_10_diff1": 0.3968792702660925,
        "nauc_ndcg_at_10_max": 0.48061920360664045,
        "nauc_ndcg_at_10_std": 0.18915158587487435,
        "nauc_ndcg_at_1_diff1": 0.4881282429545223,
        "nauc_ndcg_at_1_max": 0.5241759080272661,
        "nauc_ndcg_at_1_std": 0.19083038711974765,
        "nauc_ndcg_at_20_diff1": 0.39250602429718523,
        "nauc_ndcg_at_20_max": 0.49060293140216393,
        "nauc_ndcg_at_20_std": 0.2077084943004536,
        "nauc_ndcg_at_3_diff1": 0.4109614976877988,
        "nauc_ndcg_at_3_max": 0.4918185958629591,
        "nauc_ndcg_at_3_std": 0.19576758166340333,
        "nauc_ndcg_at_5_diff1": 0.4066155543658725,
        "nauc_ndcg_at_5_max": 0.48455089364681975,
        "nauc_ndcg_at_5_std": 0.1831084510829183,
        "nauc_precision_at_1000_diff1": 0.12278244631162709,
        "nauc_precision_at_1000_max": 0.869281045751619,
        "nauc_precision_at_1000_std": 0.869281045751619,
        "nauc_precision_at_100_diff1": 0.2924279957829115,
        "nauc_precision_at_100_max": 0.5678367149820949,
        "nauc_precision_at_100_std": 0.4469662180080076,
        "nauc_precision_at_10_diff1": 0.3305997214265064,
        "nauc_precision_at_10_max": 0.4496741215736773,
        "nauc_precision_at_10_std": 0.1919358229744291,
        "nauc_precision_at_1_diff1": 0.4881282429545223,
        "nauc_precision_at_1_max": 0.5241759080272661,
        "nauc_precision_at_1_std": 0.19083038711974765,
        "nauc_precision_at_20_diff1": 0.3101210220884514,
        "nauc_precision_at_20_max": 0.4872979182524768,
        "nauc_precision_at_20_std": 0.26382954950173504,
        "nauc_precision_at_3_diff1": 0.36479316065503575,
        "nauc_precision_at_3_max": 0.47398988547575716,
        "nauc_precision_at_3_std": 0.20249384565985237,
        "nauc_precision_at_5_diff1": 0.3588393545919524,
        "nauc_precision_at_5_max": 0.4604217582118385,
        "nauc_precision_at_5_std": 0.1746063438762082,
        "nauc_recall_at_1000_diff1": 0.12278244631183893,
        "nauc_recall_at_1000_max": 0.8692810457516946,
        "nauc_recall_at_1000_std": 0.8692810457516946,
        "nauc_recall_at_100_diff1": 0.2924279957829103,
        "nauc_recall_at_100_max": 0.5678367149820943,
        "nauc_recall_at_100_std": 0.4469662180080072,
        "nauc_recall_at_10_diff1": 0.33059972142650657,
        "nauc_recall_at_10_max": 0.4496741215736772,
        "nauc_recall_at_10_std": 0.19193582297442907,
        "nauc_recall_at_1_diff1": 0.4881282429545223,
        "nauc_recall_at_1_max": 0.5241759080272661,
        "nauc_recall_at_1_std": 0.19083038711974765,
        "nauc_recall_at_20_diff1": 0.3101210220884513,
        "nauc_recall_at_20_max": 0.4872979182524773,
        "nauc_recall_at_20_std": 0.26382954950173526,
        "nauc_recall_at_3_diff1": 0.36479316065503586,
        "nauc_recall_at_3_max": 0.4739898854757572,
        "nauc_recall_at_3_std": 0.2024938456598524,
        "nauc_recall_at_5_diff1": 0.3588393545919524,
        "nauc_recall_at_5_max": 0.46042175821183867,
        "nauc_recall_at_5_std": 0.17460634387620821,
        "ndcg_at_1": 0.208,
        "ndcg_at_10": 0.32422,
        "ndcg_at_100": 0.38496,
        "ndcg_at_1000": 0.41477,
        "ndcg_at_20": 0.34566,
        "ndcg_at_3": 0.2733,
        "ndcg_at_5": 0.30006,
        "precision_at_1": 0.208,
        "precision_at_10": 0.046,
        "precision_at_100": 0.00759,
        "precision_at_1000": 0.001,
        "precision_at_20": 0.02725,
        "precision_at_3": 0.10667,
        "precision_at_5": 0.077,
        "recall_at_1": 0.208,
        "recall_at_10": 0.46,
        "recall_at_100": 0.759,
        "recall_at_1000": 0.999,
        "recall_at_20": 0.545,
        "recall_at_3": 0.32,
        "recall_at_5": 0.385
      }
    ]
  },
  "task_name": "KorBoKDictRetrieval"
}