{
  "dataset_revision": "main",
  "evaluation_time": 923.451845407486,
  "kg_co2_emissions": null,
  "mteb_version": "1.12.49",
  "scores": {
    "test": [
      {
        "hf_subset": "default",
        "languages": [
          "kor-Hang"
        ],
        "main_score": 0.9322795402221075,
        "map": 0.9322795402221075,
        "mrr": 0.9322705845437597,
        "nAUC_map_diff1": 0.6813970724172068,
        "nAUC_map_max": 0.6196934056928384,
        "nAUC_map_std": 0.44320647824593207,
        "nAUC_mrr_diff1": 0.6812899212636274,
        "nAUC_mrr_max": 0.6197199020290911,
        "nAUC_mrr_std": 0.4432635972515379
      }
    ]
  },
  "task_name": "KorFiQA2018Reranking"
}