{
  "dataset_revision": "main",
  "evaluation_time": 975.8045721054077,
  "kg_co2_emissions": null,
  "mteb_version": "1.12.49",
  "scores": {
    "test": [
      {
        "hf_subset": "default",
        "languages": [
          "kor-Hang"
        ],
        "main_score": 0.9323656474109632,
        "map": 0.9323656474109632,
        "mrr": 0.9323566917326154,
        "nAUC_map_diff1": 0.6803920089184389,
        "nAUC_map_max": 0.620349960685221,
        "nAUC_map_std": 0.4441732453174904,
        "nAUC_mrr_diff1": 0.6802848717973699,
        "nAUC_mrr_max": 0.620376398080828,
        "nAUC_mrr_std": 0.44423029824858423
      }
    ]
  },
  "task_name": "KorFiQA2018Reranking"
}