{
  "dataset_revision": "main",
  "evaluation_time": 33.82164120674133,
  "kg_co2_emissions": null,
  "mteb_version": "1.12.49",
  "scores": {
    "train": [
      {
        "cosine_pearson": 0.8795125224410142,
        "cosine_spearman": 0.8533290050677909,
        "euclidean_pearson": 0.8673234569917838,
        "euclidean_spearman": 0.8533290050677909,
        "hf_subset": "default",
        "languages": [
          "kor-Hang"
        ],
        "main_score": 0.8533290050677909,
        "manhattan_pearson": 0.866261332635028,
        "manhattan_spearman": 0.8530295506665108,
        "pearson": 0.8795125224410142,
        "spearman": 0.8533290050677909
      }
    ]
  },
  "task_name": "KorFinanceColumnSummarization"
}