{
  "dataset_revision": "main",
  "evaluation_time": 30.73576021194458,
  "kg_co2_emissions": null,
  "mteb_version": "1.12.49",
  "scores": {
    "train": [
      {
        "hf_subset": "default",
        "languages": [
          "kor-Hang"
        ],
        "main_score": 0.33615,
        "map_at_1": 0.208,
        "map_at_10": 0.28866,
        "map_at_100": 0.30076,
        "map_at_1000": 0.30165,
        "map_at_20": 0.29543,
        "map_at_3": 0.26117,
        "map_at_5": 0.27662,
        "mrr_at_1": 0.208,
        "mrr_at_10": 0.28866309523809497,
        "mrr_at_100": 0.3007635615689977,
        "mrr_at_1000": 0.3016484048673498,
        "mrr_at_20": 0.2954297638549957,
        "mrr_at_3": 0.2611666666666669,
        "mrr_at_5": 0.2766166666666666,
        "nauc_map_at_1000_diff1": 0.2960915472406412,
        "nauc_map_at_1000_max": 0.33126067985130164,
        "nauc_map_at_1000_std": 0.14213435943054217,
        "nauc_map_at_100_diff1": 0.2958433473038459,
        "nauc_map_at_100_max": 0.33161913567592816,
        "nauc_map_at_100_std": 0.14264062620530074,
        "nauc_map_at_10_diff1": 0.29649572675629565,
        "nauc_map_at_10_max": 0.32910267003456944,
        "nauc_map_at_10_std": 0.13811145781835762,
        "nauc_map_at_1_diff1": 0.3366806770780344,
        "nauc_map_at_1_max": 0.29672080069183027,
        "nauc_map_at_1_std": 0.10305282836504223,
        "nauc_map_at_20_diff1": 0.2949333055797138,
        "nauc_map_at_20_max": 0.33042539484615346,
        "nauc_map_at_20_std": 0.14044520667972896,
        "nauc_map_at_3_diff1": 0.2989617374669628,
        "nauc_map_at_3_max": 0.31618451732739283,
        "nauc_map_at_3_std": 0.12564299230637876,
        "nauc_map_at_5_diff1": 0.2979201111674257,
        "nauc_map_at_5_max": 0.32856647402223066,
        "nauc_map_at_5_std": 0.1377670259846175,
        "nauc_mrr_at_1000_diff1": 0.2960915472406412,
        "nauc_mrr_at_1000_max": 0.33126067985130164,
        "nauc_mrr_at_1000_std": 0.14213435943054217,
        "nauc_mrr_at_100_diff1": 0.2958433473038459,
        "nauc_mrr_at_100_max": 0.33161913567592816,
        "nauc_mrr_at_100_std": 0.14264062620530074,
        "nauc_mrr_at_10_diff1": 0.29649572675629565,
        "nauc_mrr_at_10_max": 0.32910267003456944,
        "nauc_mrr_at_10_std": 0.13811145781835762,
        "nauc_mrr_at_1_diff1": 0.3366806770780344,
        "nauc_mrr_at_1_max": 0.29672080069183027,
        "nauc_mrr_at_1_std": 0.10305282836504223,
        "nauc_mrr_at_20_diff1": 0.2949333055797138,
        "nauc_mrr_at_20_max": 0.33042539484615346,
        "nauc_mrr_at_20_std": 0.14044520667972896,
        "nauc_mrr_at_3_diff1": 0.2989617374669628,
        "nauc_mrr_at_3_max": 0.31618451732739283,
        "nauc_mrr_at_3_std": 0.12564299230637876,
        "nauc_mrr_at_5_diff1": 0.2979201111674257,
        "nauc_mrr_at_5_max": 0.32856647402223066,
        "nauc_mrr_at_5_std": 0.1377670259846175,
        "nauc_ndcg_at_1000_diff1": 0.28722584523221406,
        "nauc_ndcg_at_1000_max": 0.3443834950472492,
        "nauc_ndcg_at_1000_std": 0.15938446816591856,
        "nauc_ndcg_at_100_diff1": 0.2822832176578247,
        "nauc_ndcg_at_100_max": 0.3573783274329,
        "nauc_ndcg_at_100_std": 0.17853175438426303,
        "nauc_ndcg_at_10_diff1": 0.2806006383064586,
        "nauc_ndcg_at_10_max": 0.3430678506448637,
        "nauc_ndcg_at_10_std": 0.15399994179072574,
        "nauc_ndcg_at_1_diff1": 0.3366806770780344,
        "nauc_ndcg_at_1_max": 0.29672080069183027,
        "nauc_ndcg_at_1_std": 0.10305282836504223,
        "nauc_ndcg_at_20_diff1": 0.2747744386338982,
        "nauc_ndcg_at_20_max": 0.348060172844166,
        "nauc_ndcg_at_20_std": 0.16167644487324276,
        "nauc_ndcg_at_3_diff1": 0.2869711080136796,
        "nauc_ndcg_at_3_max": 0.32145799256481034,
        "nauc_ndcg_at_3_std": 0.13263120210699456,
        "nauc_ndcg_at_5_diff1": 0.28465860460377174,
        "nauc_ndcg_at_5_max": 0.34223930042518574,
        "nauc_ndcg_at_5_std": 0.15293685620145797,
        "nauc_precision_at_1000_diff1": 0.55415499533131,
        "nauc_precision_at_1000_max": 0.55415499533131,
        "nauc_precision_at_1000_std": 0.55415499533131,
        "nauc_precision_at_100_diff1": 0.2315036458254917,
        "nauc_precision_at_100_max": 0.5224344980905207,
        "nauc_precision_at_100_std": 0.4218593960927191,
        "nauc_precision_at_10_diff1": 0.2357096495454559,
        "nauc_precision_at_10_max": 0.3817542769842562,
        "nauc_precision_at_10_std": 0.19864665586221242,
        "nauc_precision_at_1_diff1": 0.3366806770780344,
        "nauc_precision_at_1_max": 0.29672080069183027,
        "nauc_precision_at_1_std": 0.10305282836504223,
        "nauc_precision_at_20_diff1": 0.2086034685286108,
        "nauc_precision_at_20_max": 0.4050882453797941,
        "nauc_precision_at_20_std": 0.23112045001860432,
        "nauc_precision_at_3_diff1": 0.25511409281712694,
        "nauc_precision_at_3_max": 0.3352291166784599,
        "nauc_precision_at_3_std": 0.15114704646176602,
        "nauc_precision_at_5_diff1": 0.24957336949872014,
        "nauc_precision_at_5_max": 0.3794274586474299,
        "nauc_precision_at_5_std": 0.19413523124339097,
        "nauc_recall_at_1000_diff1": 0.554154995331521,
        "nauc_recall_at_1000_max": 0.554154995331521,
        "nauc_recall_at_1000_std": 0.554154995331521,
        "nauc_recall_at_100_diff1": 0.23150364582549282,
        "nauc_recall_at_100_max": 0.5224344980905207,
        "nauc_recall_at_100_std": 0.42185939609271866,
        "nauc_recall_at_10_diff1": 0.2357096495454565,
        "nauc_recall_at_10_max": 0.3817542769842566,
        "nauc_recall_at_10_std": 0.1986466558622127,
        "nauc_recall_at_1_diff1": 0.3366806770780344,
        "nauc_recall_at_1_max": 0.29672080069183027,
        "nauc_recall_at_1_std": 0.10305282836504223,
        "nauc_recall_at_20_diff1": 0.20860346852861122,
        "nauc_recall_at_20_max": 0.40508824537979427,
        "nauc_recall_at_20_std": 0.2311204500186054,
        "nauc_recall_at_3_diff1": 0.25511409281712716,
        "nauc_recall_at_3_max": 0.3352291166784601,
        "nauc_recall_at_3_std": 0.1511470464617662,
        "nauc_recall_at_5_diff1": 0.2495733694987203,
        "nauc_recall_at_5_max": 0.37942745864742994,
        "nauc_recall_at_5_std": 0.1941352312433912,
        "ndcg_at_1": 0.208,
        "ndcg_at_10": 0.33615,
        "ndcg_at_100": 0.40022,
        "ndcg_at_1000": 0.42505,
        "ndcg_at_20": 0.36055,
        "ndcg_at_3": 0.2793,
        "ndcg_at_5": 0.30701,
        "precision_at_1": 0.208,
        "precision_at_10": 0.0489,
        "precision_at_100": 0.00801,
        "precision_at_1000": 0.001,
        "precision_at_20": 0.02925,
        "precision_at_3": 0.11067,
        "precision_at_5": 0.0798,
        "recall_at_1": 0.208,
        "recall_at_10": 0.489,
        "recall_at_100": 0.801,
        "recall_at_1000": 0.999,
        "recall_at_20": 0.585,
        "recall_at_3": 0.332,
        "recall_at_5": 0.399
      }
    ]
  },
  "task_name": "KorFSSDictRetrieval"
}