{
  "dataset_revision": "main",
  "evaluation_time": 36.34775185585022,
  "kg_co2_emissions": null,
  "mteb_version": "1.12.49",
  "scores": {
    "train": [
      {
        "hf_subset": "default",
        "languages": [
          "kor-Hang"
        ],
        "main_score": 0.57874,
        "map_at_1": 0.456,
        "map_at_10": 0.53559,
        "map_at_100": 0.5438,
        "map_at_1000": 0.54422,
        "map_at_20": 0.54008,
        "map_at_3": 0.51317,
        "map_at_5": 0.52632,
        "mrr_at_1": 0.456,
        "mrr_at_10": 0.535594444444444,
        "mrr_at_100": 0.5438027191776956,
        "mrr_at_1000": 0.544217084055544,
        "mrr_at_20": 0.5400801080627314,
        "mrr_at_3": 0.5131666666666662,
        "mrr_at_5": 0.5263166666666661,
        "nauc_map_at_1000_diff1": 0.7239427845585091,
        "nauc_map_at_1000_max": 0.037734225483584814,
        "nauc_map_at_1000_std": -0.623668404142989,
        "nauc_map_at_100_diff1": 0.7237980883584444,
        "nauc_map_at_100_max": 0.037782316062487255,
        "nauc_map_at_100_std": -0.6239308799431788,
        "nauc_map_at_10_diff1": 0.7226372527110964,
        "nauc_map_at_10_max": 0.03511388736240482,
        "nauc_map_at_10_std": -0.6277866786686319,
        "nauc_map_at_1_diff1": 0.7580792890960432,
        "nauc_map_at_1_max": 0.07830624927828317,
        "nauc_map_at_1_std": -0.5484416170650542,
        "nauc_map_at_20_diff1": 0.7232180157017151,
        "nauc_map_at_20_max": 0.03524175129808385,
        "nauc_map_at_20_std": -0.6267026662929892,
        "nauc_map_at_3_diff1": 0.7268411672260593,
        "nauc_map_at_3_max": 0.045429958186686624,
        "nauc_map_at_3_std": -0.6036259229288562,
        "nauc_map_at_5_diff1": 0.7243482964137433,
        "nauc_map_at_5_max": 0.03883620705030722,
        "nauc_map_at_5_std": -0.6211352320773137,
        "nauc_mrr_at_1000_diff1": 0.7239427845585091,
        "nauc_mrr_at_1000_max": 0.037734225483584814,
        "nauc_mrr_at_1000_std": -0.623668404142989,
        "nauc_mrr_at_100_diff1": 0.7237980883584444,
        "nauc_mrr_at_100_max": 0.037782316062487255,
        "nauc_mrr_at_100_std": -0.6239308799431788,
        "nauc_mrr_at_10_diff1": 0.7226372527110964,
        "nauc_mrr_at_10_max": 0.03511388736240482,
        "nauc_mrr_at_10_std": -0.6277866786686319,
        "nauc_mrr_at_1_diff1": 0.7580792890960432,
        "nauc_mrr_at_1_max": 0.07830624927828317,
        "nauc_mrr_at_1_std": -0.5484416170650542,
        "nauc_mrr_at_20_diff1": 0.7232180157017151,
        "nauc_mrr_at_20_max": 0.03524175129808385,
        "nauc_mrr_at_20_std": -0.6267026662929892,
        "nauc_mrr_at_3_diff1": 0.7268411672260593,
        "nauc_mrr_at_3_max": 0.045429958186686624,
        "nauc_mrr_at_3_std": -0.6036259229288562,
        "nauc_mrr_at_5_diff1": 0.7243482964137433,
        "nauc_mrr_at_5_max": 0.03883620705030722,
        "nauc_mrr_at_5_std": -0.6211352320773137,
        "nauc_ndcg_at_1000_diff1": 0.7162539475443825,
        "nauc_ndcg_at_1000_max": 0.029274390585453402,
        "nauc_ndcg_at_1000_std": -0.6419772193151226,
        "nauc_ndcg_at_100_diff1": 0.7134649440677424,
        "nauc_ndcg_at_100_max": 0.032270265259122084,
        "nauc_ndcg_at_100_std": -0.6479686354026889,
        "nauc_ndcg_at_10_diff1": 0.7068437627490248,
        "nauc_ndcg_at_10_max": 0.009647156061891586,
        "nauc_ndcg_at_10_std": -0.6742645902491112,
        "nauc_ndcg_at_1_diff1": 0.7580792890960432,
        "nauc_ndcg_at_1_max": 0.07830624927828317,
        "nauc_ndcg_at_1_std": -0.5484416170650542,
        "nauc_ndcg_at_20_diff1": 0.7080292216550285,
        "nauc_ndcg_at_20_max": 0.00976449673963673,
        "nauc_ndcg_at_20_std": -0.6705467196540353,
        "nauc_ndcg_at_3_diff1": 0.7170702146192772,
        "nauc_ndcg_at_3_max": 0.03222217439143213,
        "nauc_ndcg_at_3_std": -0.6229330178763872,
        "nauc_ndcg_at_5_diff1": 0.7116451906657852,
        "nauc_ndcg_at_5_max": 0.018809040708145108,
        "nauc_ndcg_at_5_std": -0.656260526840717,
        "nauc_precision_at_1000_diff1": -0.5634920634924371,
        "nauc_precision_at_1000_max": 0.869281045751619,
        "nauc_precision_at_1000_std": 0.7222222222221585,
        "nauc_precision_at_100_diff1": 0.6153774330244943,
        "nauc_precision_at_100_max": 0.14781297134238194,
        "nauc_precision_at_100_std": -0.805832076420318,
        "nauc_precision_at_10_diff1": 0.6429005106081289,
        "nauc_precision_at_10_max": -0.0951394178916494,
        "nauc_precision_at_10_std": -0.8675850573585651,
        "nauc_precision_at_1_diff1": 0.7580792890960432,
        "nauc_precision_at_1_max": 0.07830624927828317,
        "nauc_precision_at_1_std": -0.5484416170650542,
        "nauc_precision_at_20_diff1": 0.6327551740219682,
        "nauc_precision_at_20_max": -0.11792387608126642,
        "nauc_precision_at_20_std": -0.8886404702143668,
        "nauc_precision_at_3_diff1": 0.6871761572591344,
        "nauc_precision_at_3_max": -0.009226998828852633,
        "nauc_precision_at_3_std": -0.6827304880855183,
        "nauc_precision_at_5_diff1": 0.6683710218702253,
        "nauc_precision_at_5_max": -0.05141812473554542,
        "nauc_precision_at_5_std": -0.7790868187558746,
        "nauc_recall_at_1000_diff1": -0.563492063491993,
        "nauc_recall_at_1000_max": 0.8692810457516946,
        "nauc_recall_at_1000_std": 0.7222222222222368,
        "nauc_recall_at_100_diff1": 0.6153774330244912,
        "nauc_recall_at_100_max": 0.14781297134238486,
        "nauc_recall_at_100_std": -0.8058320764203097,
        "nauc_recall_at_10_diff1": 0.6429005106081288,
        "nauc_recall_at_10_max": -0.09513941789164844,
        "nauc_recall_at_10_std": -0.8675850573585642,
        "nauc_recall_at_1_diff1": 0.7580792890960432,
        "nauc_recall_at_1_max": 0.07830624927828317,
        "nauc_recall_at_1_std": -0.5484416170650542,
        "nauc_recall_at_20_diff1": 0.6327551740219682,
        "nauc_recall_at_20_max": -0.11792387608126509,
        "nauc_recall_at_20_std": -0.8886404702143665,
        "nauc_recall_at_3_diff1": 0.6871761572591346,
        "nauc_recall_at_3_max": -0.009226998828852839,
        "nauc_recall_at_3_std": -0.6827304880855188,
        "nauc_recall_at_5_diff1": 0.6683710218702257,
        "nauc_recall_at_5_max": -0.05141812473554474,
        "nauc_recall_at_5_std": -0.7790868187558746,
        "ndcg_at_1": 0.456,
        "ndcg_at_10": 0.57874,
        "ndcg_at_100": 0.62337,
        "ndcg_at_1000": 0.63209,
        "ndcg_at_20": 0.59547,
        "ndcg_at_3": 0.53258,
        "ndcg_at_5": 0.55617,
        "precision_at_1": 0.456,
        "precision_at_10": 0.0716,
        "precision_at_100": 0.00935,
        "precision_at_1000": 0.001,
        "precision_at_20": 0.03915,
        "precision_at_3": 0.19633,
        "precision_at_5": 0.1292,
        "recall_at_1": 0.456,
        "recall_at_10": 0.716,
        "recall_at_100": 0.935,
        "recall_at_1000": 0.999,
        "recall_at_20": 0.783,
        "recall_at_3": 0.589,
        "recall_at_5": 0.646
      }
    ]
  },
  "task_name": "KorMarketReportRetrieval"
}