{
  "dataset_revision": "main",
  "evaluation_time": 38.850229024887085,
  "kg_co2_emissions": null,
  "mteb_version": "1.12.49",
  "scores": {
    "train": [
      {
        "hf_subset": "default",
        "languages": [
          "kor-Hang"
        ],
        "main_score": 0.57951,
        "map_at_1": 0.456,
        "map_at_10": 0.53577,
        "map_at_100": 0.54368,
        "map_at_1000": 0.5441,
        "map_at_20": 0.53982,
        "map_at_3": 0.51333,
        "map_at_5": 0.52603,
        "mrr_at_1": 0.456,
        "mrr_at_10": 0.5357710317460314,
        "mrr_at_100": 0.543683780562727,
        "mrr_at_1000": 0.5440973733555196,
        "mrr_at_20": 0.5398220554127671,
        "mrr_at_3": 0.5133333333333328,
        "mrr_at_5": 0.5260333333333328,
        "nauc_map_at_1000_diff1": 0.7272922059051955,
        "nauc_map_at_1000_max": 0.03568026543652916,
        "nauc_map_at_1000_std": -0.6237689143698697,
        "nauc_map_at_100_diff1": 0.7271474596571949,
        "nauc_map_at_100_max": 0.03571501379194346,
        "nauc_map_at_100_std": -0.6240329280409893,
        "nauc_map_at_10_diff1": 0.725964617138978,
        "nauc_map_at_10_max": 0.03280367581438042,
        "nauc_map_at_10_std": -0.6281809611914597,
        "nauc_map_at_1_diff1": 0.7601079688008479,
        "nauc_map_at_1_max": 0.07568838639918504,
        "nauc_map_at_1_std": -0.5489140133740644,
        "nauc_map_at_20_diff1": 0.7264710962451539,
        "nauc_map_at_20_max": 0.03305295456990782,
        "nauc_map_at_20_std": -0.6270594771546516,
        "nauc_map_at_3_diff1": 0.7297216619825964,
        "nauc_map_at_3_max": 0.04327980632267236,
        "nauc_map_at_3_std": -0.6037040880324896,
        "nauc_map_at_5_diff1": 0.7281881925514799,
        "nauc_map_at_5_max": 0.03740824960814149,
        "nauc_map_at_5_std": -0.6207591275673203,
        "nauc_mrr_at_1000_diff1": 0.7272922059051955,
        "nauc_mrr_at_1000_max": 0.03568026543652916,
        "nauc_mrr_at_1000_std": -0.6237689143698697,
        "nauc_mrr_at_100_diff1": 0.7271474596571949,
        "nauc_mrr_at_100_max": 0.03571501379194346,
        "nauc_mrr_at_100_std": -0.6240329280409893,
        "nauc_mrr_at_10_diff1": 0.725964617138978,
        "nauc_mrr_at_10_max": 0.03280367581438042,
        "nauc_mrr_at_10_std": -0.6281809611914597,
        "nauc_mrr_at_1_diff1": 0.7601079688008479,
        "nauc_mrr_at_1_max": 0.07568838639918504,
        "nauc_mrr_at_1_std": -0.5489140133740644,
        "nauc_mrr_at_20_diff1": 0.7264710962451539,
        "nauc_mrr_at_20_max": 0.03305295456990782,
        "nauc_mrr_at_20_std": -0.6270594771546516,
        "nauc_mrr_at_3_diff1": 0.7297216619825964,
        "nauc_mrr_at_3_max": 0.04327980632267236,
        "nauc_mrr_at_3_std": -0.6037040880324896,
        "nauc_mrr_at_5_diff1": 0.7281881925514799,
        "nauc_mrr_at_5_max": 0.03740824960814149,
        "nauc_mrr_at_5_std": -0.6207591275673203,
        "nauc_ndcg_at_1000_diff1": 0.7197218082356357,
        "nauc_ndcg_at_1000_max": 0.02713384503059281,
        "nauc_ndcg_at_1000_std": -0.6421539609204995,
        "nauc_ndcg_at_100_diff1": 0.7169482850861824,
        "nauc_ndcg_at_100_max": 0.029882555622748184,
        "nauc_ndcg_at_100_std": -0.648215838020259,
        "nauc_ndcg_at_10_diff1": 0.7102668847590042,
        "nauc_ndcg_at_10_max": 0.006550969792193415,
        "nauc_ndcg_at_10_std": -0.6755179974161009,
        "nauc_ndcg_at_1_diff1": 0.7601079688008479,
        "nauc_ndcg_at_1_max": 0.07568838639918504,
        "nauc_ndcg_at_1_std": -0.5489140133740644,
        "nauc_ndcg_at_20_diff1": 0.711049454792116,
        "nauc_ndcg_at_20_max": 0.006888804706502921,
        "nauc_ndcg_at_20_std": -0.6719908989327212,
        "nauc_ndcg_at_3_diff1": 0.7199010771511717,
        "nauc_ndcg_at_3_max": 0.029918555330871267,
        "nauc_ndcg_at_3_std": -0.6231426144331884,
        "nauc_ndcg_at_5_diff1": 0.7162979000382645,
        "nauc_ndcg_at_5_max": 0.01791316528541754,
        "nauc_ndcg_at_5_std": -0.6555420423526139,
        "nauc_precision_at_1000_diff1": -0.5634920634924371,
        "nauc_precision_at_1000_max": 0.869281045751619,
        "nauc_precision_at_1000_std": 0.7222222222221585,
        "nauc_precision_at_100_diff1": 0.6193995546936729,
        "nauc_precision_at_100_max": 0.13876319758672617,
        "nauc_precision_at_100_std": -0.8084177260647897,
        "nauc_precision_at_10_diff1": 0.6458445483891223,
        "nauc_precision_at_10_max": -0.10301175369550009,
        "nauc_precision_at_10_std": -0.8746126644689912,
        "nauc_precision_at_1_diff1": 0.7601079688008479,
        "nauc_precision_at_1_max": 0.07568838639918504,
        "nauc_precision_at_1_std": -0.5489140133740644,
        "nauc_precision_at_20_diff1": 0.6341934436871145,
        "nauc_precision_at_20_max": -0.1240761348356295,
        "nauc_precision_at_20_std": -0.8951244957574084,
        "nauc_precision_at_3_diff1": 0.6897148810659309,
        "nauc_precision_at_3_max": -0.01214580245645416,
        "nauc_precision_at_3_std": -0.6834886348628695,
        "nauc_precision_at_5_diff1": 0.6759931332962588,
        "nauc_precision_at_5_max": -0.0502768442177042,
        "nauc_precision_at_5_std": -0.77694012588957,
        "nauc_recall_at_1000_diff1": -0.563492063491993,
        "nauc_recall_at_1000_max": 0.8692810457516946,
        "nauc_recall_at_1000_std": 0.7222222222222368,
        "nauc_recall_at_100_diff1": 0.619399554693674,
        "nauc_recall_at_100_max": 0.13876319758672773,
        "nauc_recall_at_100_std": -0.8084177260647843,
        "nauc_recall_at_10_diff1": 0.6458445483891212,
        "nauc_recall_at_10_max": -0.10301175369549954,
        "nauc_recall_at_10_std": -0.8746126644689912,
        "nauc_recall_at_1_diff1": 0.7601079688008479,
        "nauc_recall_at_1_max": 0.07568838639918504,
        "nauc_recall_at_1_std": -0.5489140133740644,
        "nauc_recall_at_20_diff1": 0.6341934436871142,
        "nauc_recall_at_20_max": -0.12407613483562843,
        "nauc_recall_at_20_std": -0.8951244957574075,
        "nauc_recall_at_3_diff1": 0.689714881065931,
        "nauc_recall_at_3_max": -0.01214580245645447,
        "nauc_recall_at_3_std": -0.6834886348628701,
        "nauc_recall_at_5_diff1": 0.6759931332962593,
        "nauc_recall_at_5_max": -0.05027684421770349,
        "nauc_recall_at_5_std": -0.7769401258895684,
        "ndcg_at_1": 0.456,
        "ndcg_at_10": 0.57951,
        "ndcg_at_100": 0.62327,
        "ndcg_at_1000": 0.63199,
        "ndcg_at_20": 0.5947,
        "ndcg_at_3": 0.53295,
        "ndcg_at_5": 0.55572,
        "precision_at_1": 0.456,
        "precision_at_10": 0.0719,
        "precision_at_100": 0.00935,
        "precision_at_1000": 0.001,
        "precision_at_20": 0.039,
        "precision_at_3": 0.19667,
        "precision_at_5": 0.129,
        "recall_at_1": 0.456,
        "recall_at_10": 0.719,
        "recall_at_100": 0.935,
        "recall_at_1000": 0.999,
        "recall_at_20": 0.78,
        "recall_at_3": 0.59,
        "recall_at_5": 0.645
      }
    ]
  },
  "task_name": "KorNewsRetrieval"
}