{
  "dataset_revision": "main",
  "evaluation_time": 32.57944703102112,
  "kg_co2_emissions": null,
  "mteb_version": "1.12.49",
  "scores": {
    "train": [
      {
        "hf_subset": "default",
        "languages": [
          "kor-Hang"
        ],
        "main_score": 0.72128,
        "map_at_1": 0.621,
        "map_at_10": 0.68705,
        "map_at_100": 0.69177,
        "map_at_1000": 0.69202,
        "map_at_20": 0.68964,
        "map_at_3": 0.6715,
        "map_at_5": 0.67865,
        "mrr_at_1": 0.621,
        "mrr_at_10": 0.6870496031746033,
        "mrr_at_100": 0.6917733432267656,
        "mrr_at_1000": 0.6920206994554,
        "mrr_at_20": 0.689636514418674,
        "mrr_at_3": 0.6715000000000003,
        "mrr_at_5": 0.6786500000000002,
        "nauc_map_at_1000_diff1": 0.7778609164399798,
        "nauc_map_at_1000_max": 0.32935638696862046,
        "nauc_map_at_1000_std": -0.44634798311748664,
        "nauc_map_at_100_diff1": 0.777749478976402,
        "nauc_map_at_100_max": 0.32928952586182747,
        "nauc_map_at_100_std": -0.44643198537257806,
        "nauc_map_at_10_diff1": 0.777369438943288,
        "nauc_map_at_10_max": 0.33055219569753425,
        "nauc_map_at_10_std": -0.4477076459434198,
        "nauc_map_at_1_diff1": 0.8095066368919652,
        "nauc_map_at_1_max": 0.3128609142312906,
        "nauc_map_at_1_std": -0.4320028726730809,
        "nauc_map_at_20_diff1": 0.7774488247569277,
        "nauc_map_at_20_max": 0.3299823860286377,
        "nauc_map_at_20_std": -0.44771454251531934,
        "nauc_map_at_3_diff1": 0.7792027555715966,
        "nauc_map_at_3_max": 0.33596044311060014,
        "nauc_map_at_3_std": -0.43798011036997075,
        "nauc_map_at_5_diff1": 0.7779182095833981,
        "nauc_map_at_5_max": 0.3314122227453784,
        "nauc_map_at_5_std": -0.4456212606508368,
        "nauc_mrr_at_1000_diff1": 0.7778609164399798,
        "nauc_mrr_at_1000_max": 0.32935638696862046,
        "nauc_mrr_at_1000_std": -0.44634798311748664,
        "nauc_mrr_at_100_diff1": 0.777749478976402,
        "nauc_mrr_at_100_max": 0.32928952586182747,
        "nauc_mrr_at_100_std": -0.44643198537257806,
        "nauc_mrr_at_10_diff1": 0.777369438943288,
        "nauc_mrr_at_10_max": 0.33055219569753425,
        "nauc_mrr_at_10_std": -0.4477076459434198,
        "nauc_mrr_at_1_diff1": 0.8095066368919652,
        "nauc_mrr_at_1_max": 0.3128609142312906,
        "nauc_mrr_at_1_std": -0.4320028726730809,
        "nauc_mrr_at_20_diff1": 0.7774488247569277,
        "nauc_mrr_at_20_max": 0.3299823860286377,
        "nauc_mrr_at_20_std": -0.44771454251531934,
        "nauc_mrr_at_3_diff1": 0.7792027555715966,
        "nauc_mrr_at_3_max": 0.33596044311060014,
        "nauc_mrr_at_3_std": -0.43798011036997075,
        "nauc_mrr_at_5_diff1": 0.7779182095833981,
        "nauc_mrr_at_5_max": 0.3314122227453784,
        "nauc_mrr_at_5_std": -0.4456212606508368,
        "nauc_ndcg_at_1000_diff1": 0.7700578388383571,
        "nauc_ndcg_at_1000_max": 0.33085176509076597,
        "nauc_ndcg_at_1000_std": -0.4497808698376406,
        "nauc_ndcg_at_100_diff1": 0.7659428966575046,
        "nauc_ndcg_at_100_max": 0.3284161967530985,
        "nauc_ndcg_at_100_std": -0.45279305893496374,
        "nauc_ndcg_at_10_diff1": 0.7635178628011018,
        "nauc_ndcg_at_10_max": 0.3353080585603768,
        "nauc_ndcg_at_10_std": -0.45908953658029983,
        "nauc_ndcg_at_1_diff1": 0.8095066368919652,
        "nauc_ndcg_at_1_max": 0.3128609142312906,
        "nauc_ndcg_at_1_std": -0.4320028726730809,
        "nauc_ndcg_at_20_diff1": 0.7637810177825636,
        "nauc_ndcg_at_20_max": 0.3333232707257902,
        "nauc_ndcg_at_20_std": -0.4606535276703978,
        "nauc_ndcg_at_3_diff1": 0.7684277055694003,
        "nauc_ndcg_at_3_max": 0.3454250205385522,
        "nauc_ndcg_at_3_std": -0.4396111104955081,
        "nauc_ndcg_at_5_diff1": 0.7654054415516153,
        "nauc_ndcg_at_5_max": 0.33729422889253835,
        "nauc_ndcg_at_5_std": -0.45376209113678984,
        "nauc_precision_at_1000_diff1": 0.12278244631162709,
        "nauc_precision_at_1000_max": 1.0,
        "nauc_precision_at_1000_std": 1.0,
        "nauc_precision_at_100_diff1": 0.6134080298786151,
        "nauc_precision_at_100_max": 0.2619514472455648,
        "nauc_precision_at_100_std": -0.5208776844071006,
        "nauc_precision_at_10_diff1": 0.6971643350554352,
        "nauc_precision_at_10_max": 0.35493991989319085,
        "nauc_precision_at_10_std": -0.5172606954199802,
        "nauc_precision_at_1_diff1": 0.8095066368919652,
        "nauc_precision_at_1_max": 0.3128609142312906,
        "nauc_precision_at_1_std": -0.4320028726730809,
        "nauc_precision_at_20_diff1": 0.6835169330567151,
        "nauc_precision_at_20_max": 0.3465359553516608,
        "nauc_precision_at_20_std": -0.5477456681179355,
        "nauc_precision_at_3_diff1": 0.7321348476596296,
        "nauc_precision_at_3_max": 0.3777592669720954,
        "nauc_precision_at_3_std": -0.4449247909524872,
        "nauc_precision_at_5_diff1": 0.7187933425797504,
        "nauc_precision_at_5_max": 0.35802082221985093,
        "nauc_precision_at_5_std": -0.4856613855400279,
        "nauc_recall_at_1000_diff1": 0.12278244631183893,
        "nauc_recall_at_1000_max": 1.0,
        "nauc_recall_at_1000_std": 1.0,
        "nauc_recall_at_100_diff1": 0.6134080298786188,
        "nauc_recall_at_100_max": 0.2619514472455656,
        "nauc_recall_at_100_std": -0.5208776844070939,
        "nauc_recall_at_10_diff1": 0.6971643350554363,
        "nauc_recall_at_10_max": 0.354939919893191,
        "nauc_recall_at_10_std": -0.5172606954199794,
        "nauc_recall_at_1_diff1": 0.8095066368919652,
        "nauc_recall_at_1_max": 0.3128609142312906,
        "nauc_recall_at_1_std": -0.4320028726730809,
        "nauc_recall_at_20_diff1": 0.6835169330567165,
        "nauc_recall_at_20_max": 0.34653595535166487,
        "nauc_recall_at_20_std": -0.5477456681179332,
        "nauc_recall_at_3_diff1": 0.7321348476596294,
        "nauc_recall_at_3_max": 0.377759266972095,
        "nauc_recall_at_3_std": -0.4449247909524878,
        "nauc_recall_at_5_diff1": 0.7187933425797506,
        "nauc_recall_at_5_max": 0.35802082221985065,
        "nauc_recall_at_5_std": -0.48566138554002675,
        "ndcg_at_1": 0.621,
        "ndcg_at_10": 0.72128,
        "ndcg_at_100": 0.74609,
        "ndcg_at_1000": 0.75243,
        "ndcg_at_20": 0.73081,
        "ndcg_at_3": 0.68806,
        "ndcg_at_5": 0.70109,
        "precision_at_1": 0.621,
        "precision_at_10": 0.083,
        "precision_at_100": 0.0095,
        "precision_at_1000": 0.001,
        "precision_at_20": 0.0434,
        "precision_at_3": 0.24533,
        "precision_at_5": 0.1536,
        "recall_at_1": 0.621,
        "recall_at_10": 0.83,
        "recall_at_100": 0.95,
        "recall_at_1000": 0.999,
        "recall_at_20": 0.868,
        "recall_at_3": 0.736,
        "recall_at_5": 0.768
      }
    ]
  },
  "task_name": "KorTATQARetrieval"
}