{
  "dataset_revision": "main",
  "evaluation_time": 36.149837255477905,
  "kg_co2_emissions": null,
  "mteb_version": "1.12.49",
  "scores": {
    "test": [
      {
        "hf_subset": "default",
        "languages": [
          "kor-Hang"
        ],
        "main_score": 0.4215388167388167,
        "map": 0.4215388167388167,
        "mrr": 0.41793888888888886,
        "nAUC_map_diff1": 0.30981578244656216,
        "nAUC_map_max": 0.2948166569771837,
        "nAUC_map_std": 0.1345202432807209,
        "nAUC_mrr_diff1": 0.30831474213318943,
        "nAUC_mrr_max": 0.2941355152728755,
        "nAUC_mrr_std": 0.13581125269942124
      }
    ]
  },
  "task_name": "FiQA2018Reranking"
}