{
  "dataset_revision": "main",
  "evaluation_time": 3.32173752784729,
  "kg_co2_emissions": null,
  "mteb_version": "1.12.49",
  "scores": {
    "train": [
      {
        "hf_subset": "default",
        "languages": [
          "kor-Hang"
        ],
        "main_score": 0.02044,
        "map_at_1": 0.013,
        "map_at_10": 0.01758,
        "map_at_100": 0.02099,
        "map_at_1000": 0.02333,
        "map_at_20": 0.01906,
        "map_at_3": 0.016,
        "map_at_5": 0.01645,
        "mrr_at_1": 0.013,
        "mrr_at_10": 0.017578968253968253,
        "mrr_at_100": 0.02098980534710793,
        "mrr_at_1000": 0.023327100571518808,
        "mrr_at_20": 0.0190569239369162,
        "mrr_at_3": 0.016,
        "mrr_at_5": 0.01645,
        "nauc_map_at_1000_diff1": 0.39160884457206013,
        "nauc_map_at_1000_max": 0.3742400614225471,
        "nauc_map_at_1000_std": -0.07970793953851753,
        "nauc_map_at_100_diff1": 0.3956873394279901,
        "nauc_map_at_100_max": 0.3782474137601876,
        "nauc_map_at_100_std": -0.08284062658934295,
        "nauc_map_at_10_diff1": 0.4768824128287966,
        "nauc_map_at_10_max": 0.44621722669001246,
        "nauc_map_at_10_std": -0.14052731392298037,
        "nauc_map_at_1_diff1": 0.6110916183360509,
        "nauc_map_at_1_max": 0.4560070999566571,
        "nauc_map_at_1_std": -0.35219087325339005,
        "nauc_map_at_20_diff1": 0.4333316921705214,
        "nauc_map_at_20_max": 0.41589705749978934,
        "nauc_map_at_20_std": -0.1011723825130078,
        "nauc_map_at_3_diff1": 0.5107241078615509,
        "nauc_map_at_3_max": 0.48053058760397105,
        "nauc_map_at_3_std": -0.18689629729004562,
        "nauc_map_at_5_diff1": 0.5097224476281272,
        "nauc_map_at_5_max": 0.47059288866343757,
        "nauc_map_at_5_std": -0.19098535862917693,
        "nauc_mrr_at_1000_diff1": 0.39160884457206013,
        "nauc_mrr_at_1000_max": 0.3742400614225471,
        "nauc_mrr_at_1000_std": -0.07970793953851753,
        "nauc_mrr_at_100_diff1": 0.3956873394279901,
        "nauc_mrr_at_100_max": 0.3782474137601876,
        "nauc_mrr_at_100_std": -0.08284062658934295,
        "nauc_mrr_at_10_diff1": 0.4768824128287966,
        "nauc_mrr_at_10_max": 0.44621722669001246,
        "nauc_mrr_at_10_std": -0.14052731392298037,
        "nauc_mrr_at_1_diff1": 0.6110916183360509,
        "nauc_mrr_at_1_max": 0.4560070999566571,
        "nauc_mrr_at_1_std": -0.35219087325339005,
        "nauc_mrr_at_20_diff1": 0.4333316921705214,
        "nauc_mrr_at_20_max": 0.41589705749978934,
        "nauc_mrr_at_20_std": -0.1011723825130078,
        "nauc_mrr_at_3_diff1": 0.5107241078615509,
        "nauc_mrr_at_3_max": 0.48053058760397105,
        "nauc_mrr_at_3_std": -0.18689629729004562,
        "nauc_mrr_at_5_diff1": 0.5097224476281272,
        "nauc_mrr_at_5_max": 0.47059288866343757,
        "nauc_mrr_at_5_std": -0.19098535862917693,
        "nauc_ndcg_at_1000_diff1": 0.2571797841543131,
        "nauc_ndcg_at_1000_max": 0.25468671323671327,
        "nauc_ndcg_at_1000_std": 0.02415037745245054,
        "nauc_ndcg_at_100_diff1": 0.1999314298237821,
        "nauc_ndcg_at_100_max": 0.2031008239189003,
        "nauc_ndcg_at_100_std": 0.04874116103997251,
        "nauc_ndcg_at_10_diff1": 0.41999526839295787,
        "nauc_ndcg_at_10_max": 0.4170080667768194,
        "nauc_ndcg_at_10_std": -0.05933770771452396,
        "nauc_ndcg_at_1_diff1": 0.6110916183360509,
        "nauc_ndcg_at_1_max": 0.4560070999566571,
        "nauc_ndcg_at_1_std": -0.35219087325339005,
        "nauc_ndcg_at_20_diff1": 0.3125809002809238,
        "nauc_ndcg_at_20_max": 0.33610932284748346,
        "nauc_ndcg_at_20_std": 0.02830238518610713,
        "nauc_ndcg_at_3_diff1": 0.49036922832600194,
        "nauc_ndcg_at_3_max": 0.4855040360285928,
        "nauc_ndcg_at_3_std": -0.15337398348842615,
        "nauc_ndcg_at_5_diff1": 0.49006546117867955,
        "nauc_ndcg_at_5_max": 0.46971077644957143,
        "nauc_ndcg_at_5_std": -0.16226527078919023,
        "nauc_precision_at_1000_diff1": 0.55415499533131,
        "nauc_precision_at_1000_max": -1.7399626517279938,
        "nauc_precision_at_1000_std": 0.7222222222221585,
        "nauc_precision_at_100_diff1": 0.046217528624712866,
        "nauc_precision_at_100_max": 0.05207789078144555,
        "nauc_precision_at_100_std": 0.12968077233943176,
        "nauc_precision_at_10_diff1": 0.306099633306502,
        "nauc_precision_at_10_max": 0.3532957696091583,
        "nauc_precision_at_10_std": 0.10015204364547002,
        "nauc_precision_at_1_diff1": 0.6110916183360509,
        "nauc_precision_at_1_max": 0.4560070999566571,
        "nauc_precision_at_1_std": -0.35219087325339005,
        "nauc_precision_at_20_diff1": 0.1397391178716644,
        "nauc_precision_at_20_max": 0.2145827743493429,
        "nauc_precision_at_20_std": 0.2048667726156325,
        "nauc_precision_at_3_diff1": 0.44205160069478777,
        "nauc_precision_at_3_max": 0.49730981599423835,
        "nauc_precision_at_3_std": -0.07380000847302062,
        "nauc_precision_at_5_diff1": 0.44689332668940907,
        "nauc_precision_at_5_max": 0.46630125084646123,
        "nauc_precision_at_5_std": -0.10036158278712617,
        "nauc_recall_at_1000_diff1": 0.554154995331521,
        "nauc_recall_at_1000_max": -1.7399626517273947,
        "nauc_recall_at_1000_std": 0.7222222222222368,
        "nauc_recall_at_100_diff1": 0.04621752862471288,
        "nauc_recall_at_100_max": 0.052077890781445466,
        "nauc_recall_at_100_std": 0.1296807723394318,
        "nauc_recall_at_10_diff1": 0.3060996333065021,
        "nauc_recall_at_10_max": 0.3532957696091584,
        "nauc_recall_at_10_std": 0.10015204364547003,
        "nauc_recall_at_1_diff1": 0.6110916183360509,
        "nauc_recall_at_1_max": 0.4560070999566571,
        "nauc_recall_at_1_std": -0.35219087325339005,
        "nauc_recall_at_20_diff1": 0.13973911787166404,
        "nauc_recall_at_20_max": 0.21458277434934261,
        "nauc_recall_at_20_std": 0.20486677261563233,
        "nauc_recall_at_3_diff1": 0.44205160069478755,
        "nauc_recall_at_3_max": 0.49730981599423824,
        "nauc_recall_at_3_std": -0.07380000847302047,
        "nauc_recall_at_5_diff1": 0.44689332668940934,
        "nauc_recall_at_5_max": 0.4663012508464615,
        "nauc_recall_at_5_std": -0.10036158278712609,
        "ndcg_at_1": 0.013,
        "ndcg_at_10": 0.02044,
        "ndcg_at_100": 0.04146,
        "ndcg_at_1000": 0.14002,
        "ndcg_at_20": 0.02595,
        "ndcg_at_3": 0.01679,
        "ndcg_at_5": 0.0176,
        "precision_at_1": 0.013,
        "precision_at_10": 0.003,
        "precision_at_100": 0.00139,
        "precision_at_1000": 0.001,
        "precision_at_20": 0.0026,
        "precision_at_3": 0.00633,
        "precision_at_5": 0.0042,
        "recall_at_1": 0.013,
        "recall_at_10": 0.03,
        "recall_at_100": 0.139,
        "recall_at_1000": 0.999,
        "recall_at_20": 0.052,
        "recall_at_3": 0.019,
        "recall_at_5": 0.021
      }
    ]
  },
  "task_name": "KorBoKDictRetrieval"
}