{
  "dataset_revision": "main",
  "evaluation_time": 3.7957956790924072,
  "kg_co2_emissions": null,
  "mteb_version": "1.12.49",
  "scores": {
    "train": [
      {
        "cosine_pearson": 0.43462434711431985,
        "cosine_spearman": 0.40983703677196176,
        "euclidean_pearson": 0.44819441533262044,
        "euclidean_spearman": 0.40984452313199377,
        "hf_subset": "default",
        "languages": [
          "kor-Hang"
        ],
        "main_score": 0.40983703677196176,
        "manhattan_pearson": 0.4472722000172378,
        "manhattan_spearman": 0.4079130422437371,
        "pearson": 0.43462434711431985,
        "spearman": 0.40983703677196176
      }
    ]
  },
  "task_name": "KorFinanceColumnSummarization"
}