{
  "dataset_revision": "main",
  "evaluation_time": 2.9404232501983643,
  "kg_co2_emissions": null,
  "mteb_version": "1.12.49",
  "scores": {
    "train": [
      {
        "cosine_pearson": -0.005034884304113666,
        "cosine_spearman": 0.002504773474877305,
        "euclidean_pearson": 0.0006426011571388744,
        "euclidean_spearman": 0.00247694265848978,
        "hf_subset": "default",
        "languages": [
          "kor-Hang"
        ],
        "main_score": 0.002504773474877305,
        "manhattan_pearson": 0.00020920509260161958,
        "manhattan_spearman": 0.0013915408193762807,
        "pearson": -0.005034884304113666,
        "spearman": 0.002504773474877305
      }
    ]
  },
  "task_name": "KorFinSTS"
}