{
  "dataset_revision": "main",
  "evaluation_time": 375.8384268283844,
  "kg_co2_emissions": null,
  "mteb_version": "1.12.49",
  "scores": {
    "test": [
      {
        "hf_subset": "default",
        "languages": [
          "kor-Hang"
        ],
        "main_score": 0.5280264471132365,
        "map": 0.5280264471132365,
        "mrr": 0.5291869099351121,
        "nAUC_map_diff1": 0.14739567247776222,
        "nAUC_map_max": 0.4544884519207501,
        "nAUC_map_std": 0.348855276884643,
        "nAUC_mrr_diff1": 0.13949426292368833,
        "nAUC_mrr_max": 0.45475967722510346,
        "nAUC_mrr_std": 0.35151634536873216
      }
    ]
  },
  "task_name": "KorFiQA2018Reranking"
}