{
  "dataset_revision": "main",
  "evaluation_time": 2.2931408882141113,
  "kg_co2_emissions": null,
  "mteb_version": "1.12.49",
  "scores": {
    "train": [
      {
        "cosine_pearson": -0.027732326465488177,
        "cosine_spearman": -0.004159287658209629,
        "euclidean_pearson": -0.02060215304948449,
        "euclidean_spearman": -0.004119294507649921,
        "hf_subset": "default",
        "languages": [
          "kor-Hang"
        ],
        "main_score": -0.004159287658209629,
        "manhattan_pearson": -0.022731139693307752,
        "manhattan_spearman": -0.0065188835412324,
        "pearson": -0.027732326465488177,
        "spearman": -0.004159287658209629
      }
    ]
  },
  "task_name": "KorFinReportSTS"
}