{
  "dataset_revision": "main",
  "evaluation_time": 3.583868980407715,
  "kg_co2_emissions": null,
  "mteb_version": "1.12.49",
  "scores": {
    "train": [
      {
        "hf_subset": "default",
        "languages": [
          "kor-Hang"
        ],
        "main_score": 0.01986,
        "map_at_1": 0.01,
        "map_at_10": 0.01589,
        "map_at_100": 0.01912,
        "map_at_1000": 0.02138,
        "map_at_20": 0.01716,
        "map_at_3": 0.0135,
        "map_at_5": 0.01465,
        "mrr_at_1": 0.01,
        "mrr_at_10": 0.015892857142857143,
        "mrr_at_100": 0.019116704626858758,
        "mrr_at_1000": 0.02138205767207306,
        "mrr_at_20": 0.017155324963993693,
        "mrr_at_3": 0.0135,
        "mrr_at_5": 0.01465,
        "nauc_map_at_1000_diff1": 0.4063799845369062,
        "nauc_map_at_1000_max": 0.31768495433237076,
        "nauc_map_at_1000_std": -0.021416328149662198,
        "nauc_map_at_100_diff1": 0.410887493844501,
        "nauc_map_at_100_max": 0.3224935414811658,
        "nauc_map_at_100_std": -0.023332061219527057,
        "nauc_map_at_10_diff1": 0.4940896859874983,
        "nauc_map_at_10_max": 0.3904923581235825,
        "nauc_map_at_10_std": -0.07026675469722414,
        "nauc_map_at_1_diff1": 0.6991145693587334,
        "nauc_map_at_1_max": 0.3697075395760665,
        "nauc_map_at_1_std": 0.03541722565065723,
        "nauc_map_at_20_diff1": 0.4544035646368959,
        "nauc_map_at_20_max": 0.3547617381369966,
        "nauc_map_at_20_std": -0.04970293619060249,
        "nauc_map_at_3_diff1": 0.5725089189001183,
        "nauc_map_at_3_max": 0.43781613650140605,
        "nauc_map_at_3_std": -0.06711782885649269,
        "nauc_map_at_5_diff1": 0.5211943835730593,
        "nauc_map_at_5_max": 0.42091608967308947,
        "nauc_map_at_5_std": -0.07437287719629197,
        "nauc_mrr_at_1000_diff1": 0.4063799845369062,
        "nauc_mrr_at_1000_max": 0.31768495433237076,
        "nauc_mrr_at_1000_std": -0.021416328149662198,
        "nauc_mrr_at_100_diff1": 0.410887493844501,
        "nauc_mrr_at_100_max": 0.3224935414811658,
        "nauc_mrr_at_100_std": -0.023332061219527057,
        "nauc_mrr_at_10_diff1": 0.4940896859874983,
        "nauc_mrr_at_10_max": 0.3904923581235825,
        "nauc_mrr_at_10_std": -0.07026675469722414,
        "nauc_mrr_at_1_diff1": 0.6991145693587334,
        "nauc_mrr_at_1_max": 0.3697075395760665,
        "nauc_mrr_at_1_std": 0.03541722565065723,
        "nauc_mrr_at_20_diff1": 0.4544035646368959,
        "nauc_mrr_at_20_max": 0.3547617381369966,
        "nauc_mrr_at_20_std": -0.04970293619060249,
        "nauc_mrr_at_3_diff1": 0.5725089189001183,
        "nauc_mrr_at_3_max": 0.43781613650140605,
        "nauc_mrr_at_3_std": -0.06711782885649269,
        "nauc_mrr_at_5_diff1": 0.5211943835730593,
        "nauc_mrr_at_5_max": 0.42091608967308947,
        "nauc_mrr_at_5_std": -0.07437287719629197,
        "nauc_ndcg_at_1000_diff1": 0.2648059112288026,
        "nauc_ndcg_at_1000_max": 0.21175958603305836,
        "nauc_ndcg_at_1000_std": 0.03307374667923798,
        "nauc_ndcg_at_100_diff1": 0.21406169123064234,
        "nauc_ndcg_at_100_max": 0.17731389002578393,
        "nauc_ndcg_at_100_std": 0.058212571961047226,
        "nauc_ndcg_at_10_diff1": 0.42352983744454714,
        "nauc_ndcg_at_10_max": 0.36248697132806373,
        "nauc_ndcg_at_10_std": -0.08640780491988322,
        "nauc_ndcg_at_1_diff1": 0.6991145693587334,
        "nauc_ndcg_at_1_max": 0.3697075395760665,
        "nauc_ndcg_at_1_std": 0.03541722565065723,
        "nauc_ndcg_at_20_diff1": 0.3318012722611762,
        "nauc_ndcg_at_20_max": 0.27159681291175725,
        "nauc_ndcg_at_20_std": -0.02744143382807403,
        "nauc_ndcg_at_3_diff1": 0.5435868933717798,
        "nauc_ndcg_at_3_max": 0.4489278778928875,
        "nauc_ndcg_at_3_std": -0.08824678040186264,
        "nauc_ndcg_at_5_diff1": 0.4668223120515285,
        "nauc_ndcg_at_5_max": 0.4209065933720533,
        "nauc_ndcg_at_5_std": -0.09915614851899747,
        "nauc_precision_at_1000_diff1": 0.869281045751619,
        "nauc_precision_at_1000_max": -0.5634920634924371,
        "nauc_precision_at_1000_std": 0.55415499533131,
        "nauc_precision_at_100_diff1": 0.08429602200125576,
        "nauc_precision_at_100_max": 0.0735200604994413,
        "nauc_precision_at_100_std": 0.1251391627567365,
        "nauc_precision_at_10_diff1": 0.31303103479116356,
        "nauc_precision_at_10_max": 0.3106243546275743,
        "nauc_precision_at_10_std": -0.10693465375515282,
        "nauc_precision_at_1_diff1": 0.6991145693587334,
        "nauc_precision_at_1_max": 0.3697075395760665,
        "nauc_precision_at_1_std": 0.03541722565065723,
        "nauc_precision_at_20_diff1": 0.180766563222988,
        "nauc_precision_at_20_max": 0.15666401729348828,
        "nauc_precision_at_20_std": 0.013461178245439926,
        "nauc_precision_at_3_diff1": 0.48063679456220393,
        "nauc_precision_at_3_max": 0.47203589422532316,
        "nauc_precision_at_3_std": -0.13367915809557898,
        "nauc_precision_at_5_diff1": 0.35995846991985625,
        "nauc_precision_at_5_max": 0.41762228625424347,
        "nauc_precision_at_5_std": -0.1465218557879633,
        "nauc_recall_at_1000_diff1": 0.8692810457516946,
        "nauc_recall_at_1000_max": -0.563492063491993,
        "nauc_recall_at_1000_std": 0.554154995331521,
        "nauc_recall_at_100_diff1": 0.08429602200125579,
        "nauc_recall_at_100_max": 0.07352006049944136,
        "nauc_recall_at_100_std": 0.12513916275673648,
        "nauc_recall_at_10_diff1": 0.3130310347911638,
        "nauc_recall_at_10_max": 0.3106243546275745,
        "nauc_recall_at_10_std": -0.10693465375515286,
        "nauc_recall_at_1_diff1": 0.6991145693587334,
        "nauc_recall_at_1_max": 0.3697075395760665,
        "nauc_recall_at_1_std": 0.03541722565065723,
        "nauc_recall_at_20_diff1": 0.18076656322298784,
        "nauc_recall_at_20_max": 0.15666401729348814,
        "nauc_recall_at_20_std": 0.013461178245439898,
        "nauc_recall_at_3_diff1": 0.4806367945622038,
        "nauc_recall_at_3_max": 0.4720358942253229,
        "nauc_recall_at_3_std": -0.13367915809557884,
        "nauc_recall_at_5_diff1": 0.3599584699198562,
        "nauc_recall_at_5_max": 0.41762228625424347,
        "nauc_recall_at_5_std": -0.14652185578796323,
        "ndcg_at_1": 0.01,
        "ndcg_at_10": 0.01986,
        "ndcg_at_100": 0.04184,
        "ndcg_at_1000": 0.13881,
        "ndcg_at_20": 0.02477,
        "ndcg_at_3": 0.01465,
        "ndcg_at_5": 0.01672,
        "precision_at_1": 0.01,
        "precision_at_10": 0.0033,
        "precision_at_100": 0.00151,
        "precision_at_1000": 0.001,
        "precision_at_20": 0.00265,
        "precision_at_3": 0.006,
        "precision_at_5": 0.0046,
        "recall_at_1": 0.01,
        "recall_at_10": 0.033,
        "recall_at_100": 0.151,
        "recall_at_1000": 0.999,
        "recall_at_20": 0.053,
        "recall_at_3": 0.018,
        "recall_at_5": 0.023
      }
    ]
  },
  "task_name": "KorFSSDictRetrieval"
}