{
  "dataset_revision": "main",
  "evaluation_time": 155.4212908744812,
  "kg_co2_emissions": null,
  "mteb_version": "1.12.49",
  "scores": {
    "test": [
      {
        "hf_subset": "default",
        "languages": [
          "kor-Hang"
        ],
        "main_score": 0.525195306049409,
        "map": 0.525195306049409,
        "mrr": 0.5233205840485912,
        "nAUC_map_diff1": 0.1350095857942411,
        "nAUC_map_max": 0.45400181274954243,
        "nAUC_map_std": 0.3496286404144996,
        "nAUC_mrr_diff1": 0.1345102206865361,
        "nAUC_mrr_max": 0.454100904649566,
        "nAUC_mrr_std": 0.3509729736567005
      }
    ]
  },
  "task_name": "KorFiQA2018Reranking"
}