{
  "dataset_revision": "main",
  "evaluation_time": 4.583942413330078,
  "kg_co2_emissions": null,
  "mteb_version": "1.12.49",
  "scores": {
    "train": [
      {
        "hf_subset": "default",
        "languages": [
          "kor-Hang"
        ],
        "main_score": 0.14347,
        "map_at_1": 0.09,
        "map_at_10": 0.12257,
        "map_at_100": 0.13182,
        "map_at_1000": 0.13385,
        "map_at_20": 0.12629,
        "map_at_3": 0.111,
        "map_at_5": 0.1166,
        "mrr_at_1": 0.09,
        "mrr_at_10": 0.12256904761904754,
        "mrr_at_100": 0.1318225479725499,
        "mrr_at_1000": 0.13384754345586936,
        "mrr_at_20": 0.12628827613734728,
        "mrr_at_3": 0.11099999999999995,
        "mrr_at_5": 0.11659999999999995,
        "nauc_map_at_1000_diff1": 0.44154499348581167,
        "nauc_map_at_1000_max": 0.18832390089477538,
        "nauc_map_at_1000_std": -0.4240706260999857,
        "nauc_map_at_100_diff1": 0.44054367527156063,
        "nauc_map_at_100_max": 0.18976381811521467,
        "nauc_map_at_100_std": -0.4234712888249152,
        "nauc_map_at_10_diff1": 0.44802926587798336,
        "nauc_map_at_10_max": 0.17265296393704538,
        "nauc_map_at_10_std": -0.430321917264152,
        "nauc_map_at_1_diff1": 0.5344781325462837,
        "nauc_map_at_1_max": 0.178806308320663,
        "nauc_map_at_1_std": -0.4583698536207256,
        "nauc_map_at_20_diff1": 0.44456725403979414,
        "nauc_map_at_20_max": 0.17920818266328944,
        "nauc_map_at_20_std": -0.427408409437527,
        "nauc_map_at_3_diff1": 0.4729894097208987,
        "nauc_map_at_3_max": 0.16059989276738912,
        "nauc_map_at_3_std": -0.44771139689533646,
        "nauc_map_at_5_diff1": 0.4645602339531573,
        "nauc_map_at_5_max": 0.16639679373279442,
        "nauc_map_at_5_std": -0.44306057509938557,
        "nauc_mrr_at_1000_diff1": 0.44154499348581167,
        "nauc_mrr_at_1000_max": 0.18832390089477538,
        "nauc_mrr_at_1000_std": -0.4240706260999857,
        "nauc_mrr_at_100_diff1": 0.44054367527156063,
        "nauc_mrr_at_100_max": 0.18976381811521467,
        "nauc_mrr_at_100_std": -0.4234712888249152,
        "nauc_mrr_at_10_diff1": 0.44802926587798336,
        "nauc_mrr_at_10_max": 0.17265296393704538,
        "nauc_mrr_at_10_std": -0.430321917264152,
        "nauc_mrr_at_1_diff1": 0.5344781325462837,
        "nauc_mrr_at_1_max": 0.178806308320663,
        "nauc_mrr_at_1_std": -0.4583698536207256,
        "nauc_mrr_at_20_diff1": 0.44456725403979414,
        "nauc_mrr_at_20_max": 0.17920818266328944,
        "nauc_mrr_at_20_std": -0.427408409437527,
        "nauc_mrr_at_3_diff1": 0.4729894097208987,
        "nauc_mrr_at_3_max": 0.16059989276738912,
        "nauc_mrr_at_3_std": -0.44771139689533646,
        "nauc_mrr_at_5_diff1": 0.4645602339531573,
        "nauc_mrr_at_5_max": 0.16639679373279442,
        "nauc_mrr_at_5_std": -0.44306057509938557,
        "nauc_ndcg_at_1000_diff1": 0.4074087934407725,
        "nauc_ndcg_at_1000_max": 0.2199057542867103,
        "nauc_ndcg_at_1000_std": -0.3967200792186345,
        "nauc_ndcg_at_100_diff1": 0.38144430336712215,
        "nauc_ndcg_at_100_max": 0.2678682402988029,
        "nauc_ndcg_at_100_std": -0.36926105308689966,
        "nauc_ndcg_at_10_diff1": 0.4080836815730908,
        "nauc_ndcg_at_10_max": 0.1797152357952057,
        "nauc_ndcg_at_10_std": -0.4085365776890391,
        "nauc_ndcg_at_1_diff1": 0.5344781325462837,
        "nauc_ndcg_at_1_max": 0.178806308320663,
        "nauc_ndcg_at_1_std": -0.4583698536207256,
        "nauc_ndcg_at_20_diff1": 0.3983464629721798,
        "nauc_ndcg_at_20_max": 0.19961380614649682,
        "nauc_ndcg_at_20_std": -0.39784977120840537,
        "nauc_ndcg_at_3_diff1": 0.45683603534143685,
        "nauc_ndcg_at_3_max": 0.15700183980662913,
        "nauc_ndcg_at_3_std": -0.44302851466122894,
        "nauc_ndcg_at_5_diff1": 0.443948440540849,
        "nauc_ndcg_at_5_max": 0.16688622013966578,
        "nauc_ndcg_at_5_std": -0.4348766020735143,
        "nauc_precision_at_1000_diff1": -1.1517273576102791,
        "nauc_precision_at_1000_max": -0.17133520074729397,
        "nauc_precision_at_1000_std": 1.0,
        "nauc_precision_at_100_diff1": 0.25539356245708994,
        "nauc_precision_at_100_max": 0.49827551391300906,
        "nauc_precision_at_100_std": -0.2234643188885746,
        "nauc_precision_at_10_diff1": 0.31987082810104067,
        "nauc_precision_at_10_max": 0.1973783846886812,
        "nauc_precision_at_10_std": -0.3588874305077904,
        "nauc_precision_at_1_diff1": 0.5344781325462837,
        "nauc_precision_at_1_max": 0.178806308320663,
        "nauc_precision_at_1_std": -0.4583698536207256,
        "nauc_precision_at_20_diff1": 0.301328489480471,
        "nauc_precision_at_20_max": 0.24953553562987926,
        "nauc_precision_at_20_std": -0.331005656397756,
        "nauc_precision_at_3_diff1": 0.4178518392804106,
        "nauc_precision_at_3_max": 0.1486380414951844,
        "nauc_precision_at_3_std": -0.4312189740761167,
        "nauc_precision_at_5_diff1": 0.396972792449132,
        "nauc_precision_at_5_max": 0.16932158284770882,
        "nauc_precision_at_5_std": -0.41500938581347513,
        "nauc_recall_at_1000_diff1": -1.1517273576096938,
        "nauc_recall_at_1000_max": -0.1713352007469462,
        "nauc_recall_at_1000_std": 1.0,
        "nauc_recall_at_100_diff1": 0.2553935624570898,
        "nauc_recall_at_100_max": 0.4982755139130086,
        "nauc_recall_at_100_std": -0.22346431888857488,
        "nauc_recall_at_10_diff1": 0.3198708281010407,
        "nauc_recall_at_10_max": 0.19737838468868132,
        "nauc_recall_at_10_std": -0.35888743050779015,
        "nauc_recall_at_1_diff1": 0.5344781325462837,
        "nauc_recall_at_1_max": 0.178806308320663,
        "nauc_recall_at_1_std": -0.4583698536207256,
        "nauc_recall_at_20_diff1": 0.3013284894804711,
        "nauc_recall_at_20_max": 0.24953553562987973,
        "nauc_recall_at_20_std": -0.3310056563977558,
        "nauc_recall_at_3_diff1": 0.4178518392804106,
        "nauc_recall_at_3_max": 0.14863804149518425,
        "nauc_recall_at_3_std": -0.43121897407611715,
        "nauc_recall_at_5_diff1": 0.3969727924491319,
        "nauc_recall_at_5_max": 0.1693215828477085,
        "nauc_recall_at_5_std": -0.415009385813475,
        "ndcg_at_1": 0.09,
        "ndcg_at_10": 0.14347,
        "ndcg_at_100": 0.20092,
        "ndcg_at_1000": 0.26138,
        "ndcg_at_20": 0.15725,
        "ndcg_at_3": 0.1184,
        "ndcg_at_5": 0.12839,
        "precision_at_1": 0.09,
        "precision_at_10": 0.0212,
        "precision_at_100": 0.0051,
        "precision_at_1000": 0.001,
        "precision_at_20": 0.01335,
        "precision_at_3": 0.04667,
        "precision_at_5": 0.0328,
        "recall_at_1": 0.09,
        "recall_at_10": 0.212,
        "recall_at_100": 0.51,
        "recall_at_1000": 0.999,
        "recall_at_20": 0.267,
        "recall_at_3": 0.14,
        "recall_at_5": 0.164
      }
    ]
  },
  "task_name": "KorMarketReportRetrieval"
}