{
  "dataset_revision": "main",
  "evaluation_time": 4.488867521286011,
  "kg_co2_emissions": null,
  "mteb_version": "1.12.49",
  "scores": {
    "train": [
      {
        "hf_subset": "default",
        "languages": [
          "kor-Hang"
        ],
        "main_score": 0.14662,
        "map_at_1": 0.093,
        "map_at_10": 0.12595,
        "map_at_100": 0.13557,
        "map_at_1000": 0.13752,
        "map_at_20": 0.12951,
        "map_at_3": 0.1145,
        "map_at_5": 0.11965,
        "mrr_at_1": 0.093,
        "mrr_at_10": 0.12595436507936503,
        "mrr_at_100": 0.135570040619421,
        "mrr_at_1000": 0.13751675161382182,
        "mrr_at_20": 0.12951373436075445,
        "mrr_at_3": 0.11449999999999996,
        "mrr_at_5": 0.11964999999999996,
        "nauc_map_at_1000_diff1": 0.42188214285875536,
        "nauc_map_at_1000_max": 0.24243649191421154,
        "nauc_map_at_1000_std": -0.41506803676989823,
        "nauc_map_at_100_diff1": 0.42110851851518866,
        "nauc_map_at_100_max": 0.24375510936459588,
        "nauc_map_at_100_std": -0.4149573959798786,
        "nauc_map_at_10_diff1": 0.4273206571833945,
        "nauc_map_at_10_max": 0.2318635699844967,
        "nauc_map_at_10_std": -0.419717794224866,
        "nauc_map_at_1_diff1": 0.5210423212188883,
        "nauc_map_at_1_max": 0.23706114347207682,
        "nauc_map_at_1_std": -0.43320898644301536,
        "nauc_map_at_20_diff1": 0.42293184021940544,
        "nauc_map_at_20_max": 0.23465413060593165,
        "nauc_map_at_20_std": -0.4177046507926869,
        "nauc_map_at_3_diff1": 0.4553782860612391,
        "nauc_map_at_3_max": 0.2251575564610833,
        "nauc_map_at_3_std": -0.4216915824282523,
        "nauc_map_at_5_diff1": 0.44063729042873845,
        "nauc_map_at_5_max": 0.22174848245378628,
        "nauc_map_at_5_std": -0.422327039762028,
        "nauc_mrr_at_1000_diff1": 0.42188214285875536,
        "nauc_mrr_at_1000_max": 0.24243649191421154,
        "nauc_mrr_at_1000_std": -0.41506803676989823,
        "nauc_mrr_at_100_diff1": 0.42110851851518866,
        "nauc_mrr_at_100_max": 0.24375510936459588,
        "nauc_mrr_at_100_std": -0.4149573959798786,
        "nauc_mrr_at_10_diff1": 0.4273206571833945,
        "nauc_mrr_at_10_max": 0.2318635699844967,
        "nauc_mrr_at_10_std": -0.419717794224866,
        "nauc_mrr_at_1_diff1": 0.5210423212188883,
        "nauc_mrr_at_1_max": 0.23706114347207682,
        "nauc_mrr_at_1_std": -0.43320898644301536,
        "nauc_mrr_at_20_diff1": 0.42293184021940544,
        "nauc_mrr_at_20_max": 0.23465413060593165,
        "nauc_mrr_at_20_std": -0.4177046507926869,
        "nauc_mrr_at_3_diff1": 0.4553782860612391,
        "nauc_mrr_at_3_max": 0.2251575564610833,
        "nauc_mrr_at_3_std": -0.4216915824282523,
        "nauc_mrr_at_5_diff1": 0.44063729042873845,
        "nauc_mrr_at_5_max": 0.22174848245378628,
        "nauc_mrr_at_5_std": -0.422327039762028,
        "nauc_ndcg_at_1000_diff1": 0.3864419587008839,
        "nauc_ndcg_at_1000_max": 0.2665732904699627,
        "nauc_ndcg_at_1000_std": -0.40074398050400245,
        "nauc_ndcg_at_100_diff1": 0.3625688911878494,
        "nauc_ndcg_at_100_max": 0.307894327495038,
        "nauc_ndcg_at_100_std": -0.38914745769609965,
        "nauc_ndcg_at_10_diff1": 0.3833829568897139,
        "nauc_ndcg_at_10_max": 0.23988472753947498,
        "nauc_ndcg_at_10_std": -0.41323933699047244,
        "nauc_ndcg_at_1_diff1": 0.5210423212188883,
        "nauc_ndcg_at_1_max": 0.23706114347207682,
        "nauc_ndcg_at_1_std": -0.43320898644301536,
        "nauc_ndcg_at_20_diff1": 0.37140960323220196,
        "nauc_ndcg_at_20_max": 0.24866999707224505,
        "nauc_ndcg_at_20_std": -0.4063691696099431,
        "nauc_ndcg_at_3_diff1": 0.43491588706397927,
        "nauc_ndcg_at_3_max": 0.22249097399514542,
        "nauc_ndcg_at_3_std": -0.41656143209538726,
        "nauc_ndcg_at_5_diff1": 0.41098510656889625,
        "nauc_ndcg_at_5_max": 0.21656899895617449,
        "nauc_ndcg_at_5_std": -0.4179417883980952,
        "nauc_precision_at_1000_diff1": -1.7399626517279938,
        "nauc_precision_at_1000_max": -0.5634920634924371,
        "nauc_precision_at_1000_std": 0.869281045751619,
        "nauc_precision_at_100_diff1": 0.23498572619281358,
        "nauc_precision_at_100_max": 0.5088945248724008,
        "nauc_precision_at_100_std": -0.31658466722599343,
        "nauc_precision_at_10_diff1": 0.2865984177225136,
        "nauc_precision_at_10_max": 0.26209103281795654,
        "nauc_precision_at_10_std": -0.39951249257423405,
        "nauc_precision_at_1_diff1": 0.5210423212188883,
        "nauc_precision_at_1_max": 0.23706114347207682,
        "nauc_precision_at_1_std": -0.43320898644301536,
        "nauc_precision_at_20_diff1": 0.2629475244513178,
        "nauc_precision_at_20_max": 0.28489480471076123,
        "nauc_precision_at_20_std": -0.380640868009294,
        "nauc_precision_at_3_diff1": 0.38441925992419695,
        "nauc_precision_at_3_max": 0.2161505086774386,
        "nauc_precision_at_3_std": -0.4035466121417645,
        "nauc_precision_at_5_diff1": 0.3407572424662292,
        "nauc_precision_at_5_max": 0.20418768976811433,
        "nauc_precision_at_5_std": -0.4077516890062408,
        "nauc_recall_at_1000_diff1": -1.7399626517273947,
        "nauc_recall_at_1000_max": -0.563492063491993,
        "nauc_recall_at_1000_std": 0.8692810457516946,
        "nauc_recall_at_100_diff1": 0.23498572619281388,
        "nauc_recall_at_100_max": 0.5088945248724008,
        "nauc_recall_at_100_std": -0.31658466722599304,
        "nauc_recall_at_10_diff1": 0.28659841772251377,
        "nauc_recall_at_10_max": 0.2620910328179566,
        "nauc_recall_at_10_std": -0.39951249257423405,
        "nauc_recall_at_1_diff1": 0.5210423212188883,
        "nauc_recall_at_1_max": 0.23706114347207682,
        "nauc_recall_at_1_std": -0.43320898644301536,
        "nauc_recall_at_20_diff1": 0.26294752445131775,
        "nauc_recall_at_20_max": 0.2848948047107612,
        "nauc_recall_at_20_std": -0.38064086800929375,
        "nauc_recall_at_3_diff1": 0.384419259924197,
        "nauc_recall_at_3_max": 0.21615050867743874,
        "nauc_recall_at_3_std": -0.4035466121417647,
        "nauc_recall_at_5_diff1": 0.34075724246622924,
        "nauc_recall_at_5_max": 0.20418768976811408,
        "nauc_recall_at_5_std": -0.40775168900624065,
        "ndcg_at_1": 0.093,
        "ndcg_at_10": 0.14662,
        "ndcg_at_100": 0.20712,
        "ndcg_at_1000": 0.26518,
        "ndcg_at_20": 0.15987,
        "ndcg_at_3": 0.12204,
        "ndcg_at_5": 0.1312,
        "precision_at_1": 0.093,
        "precision_at_10": 0.0214,
        "precision_at_100": 0.00529,
        "precision_at_1000": 0.001,
        "precision_at_20": 0.01335,
        "precision_at_3": 0.048,
        "precision_at_5": 0.0332,
        "recall_at_1": 0.093,
        "recall_at_10": 0.214,
        "recall_at_100": 0.529,
        "recall_at_1000": 0.999,
        "recall_at_20": 0.267,
        "recall_at_3": 0.144,
        "recall_at_5": 0.166
      }
    ]
  },
  "task_name": "KorNewsRetrieval"
}