{
  "dataset_revision": "main",
  "evaluation_time": 4.91089129447937,
  "kg_co2_emissions": null,
  "mteb_version": "1.12.49",
  "scores": {
    "train": [
      {
        "hf_subset": "default",
        "languages": [
          "kor-Hang"
        ],
        "main_score": 0.23394,
        "map_at_1": 0.159,
        "map_at_10": 0.2061,
        "map_at_100": 0.21567,
        "map_at_1000": 0.2173,
        "map_at_20": 0.21129,
        "map_at_3": 0.1905,
        "map_at_5": 0.1984,
        "mrr_at_1": 0.159,
        "mrr_at_10": 0.20609642857142854,
        "mrr_at_100": 0.21566523929829637,
        "mrr_at_1000": 0.21730034294751668,
        "mrr_at_20": 0.2112864431277357,
        "mrr_at_3": 0.1905,
        "mrr_at_5": 0.19839999999999997,
        "nauc_map_at_1000_diff1": 0.2880632994659874,
        "nauc_map_at_1000_max": 0.3130689279625619,
        "nauc_map_at_1000_std": -0.34228692776488034,
        "nauc_map_at_100_diff1": 0.2873908924111579,
        "nauc_map_at_100_max": 0.312757881446094,
        "nauc_map_at_100_std": -0.34254466102743947,
        "nauc_map_at_10_diff1": 0.2926310618060278,
        "nauc_map_at_10_max": 0.3137344262804717,
        "nauc_map_at_10_std": -0.34368137099511514,
        "nauc_map_at_1_diff1": 0.3871120861818455,
        "nauc_map_at_1_max": 0.34922904450143094,
        "nauc_map_at_1_std": -0.33280463403009725,
        "nauc_map_at_20_diff1": 0.28973621937453903,
        "nauc_map_at_20_max": 0.3132493342197005,
        "nauc_map_at_20_std": -0.34273791307380463,
        "nauc_map_at_3_diff1": 0.3155864893442487,
        "nauc_map_at_3_max": 0.3230605324768989,
        "nauc_map_at_3_std": -0.3434841627534165,
        "nauc_map_at_5_diff1": 0.30544945666173356,
        "nauc_map_at_5_max": 0.3182466509408558,
        "nauc_map_at_5_std": -0.3437975726631405,
        "nauc_mrr_at_1000_diff1": 0.2880632994659874,
        "nauc_mrr_at_1000_max": 0.3130689279625619,
        "nauc_mrr_at_1000_std": -0.34228692776488034,
        "nauc_mrr_at_100_diff1": 0.2873908924111579,
        "nauc_mrr_at_100_max": 0.312757881446094,
        "nauc_mrr_at_100_std": -0.34254466102743947,
        "nauc_mrr_at_10_diff1": 0.2926310618060278,
        "nauc_mrr_at_10_max": 0.3137344262804717,
        "nauc_mrr_at_10_std": -0.34368137099511514,
        "nauc_mrr_at_1_diff1": 0.3871120861818455,
        "nauc_mrr_at_1_max": 0.34922904450143094,
        "nauc_mrr_at_1_std": -0.33280463403009725,
        "nauc_mrr_at_20_diff1": 0.28973621937453903,
        "nauc_mrr_at_20_max": 0.3132493342197005,
        "nauc_mrr_at_20_std": -0.34273791307380463,
        "nauc_mrr_at_3_diff1": 0.3155864893442487,
        "nauc_mrr_at_3_max": 0.3230605324768989,
        "nauc_mrr_at_3_std": -0.3434841627534165,
        "nauc_mrr_at_5_diff1": 0.30544945666173356,
        "nauc_mrr_at_5_max": 0.3182466509408558,
        "nauc_mrr_at_5_std": -0.3437975726631405,
        "nauc_ndcg_at_1000_diff1": 0.2556836501841768,
        "nauc_ndcg_at_1000_max": 0.3031020961401623,
        "nauc_ndcg_at_1000_std": -0.3401126023980861,
        "nauc_ndcg_at_100_diff1": 0.2309767462866324,
        "nauc_ndcg_at_100_max": 0.29418432526292376,
        "nauc_ndcg_at_100_std": -0.34012475805056513,
        "nauc_ndcg_at_10_diff1": 0.2514212795956708,
        "nauc_ndcg_at_10_max": 0.2999436275974565,
        "nauc_ndcg_at_10_std": -0.347405913558968,
        "nauc_ndcg_at_1_diff1": 0.3871120861818455,
        "nauc_ndcg_at_1_max": 0.34922904450143094,
        "nauc_ndcg_at_1_std": -0.33280463403009725,
        "nauc_ndcg_at_20_diff1": 0.24200218251293146,
        "nauc_ndcg_at_20_max": 0.29768835636015123,
        "nauc_ndcg_at_20_std": -0.3442320251221515,
        "nauc_ndcg_at_3_diff1": 0.29676855893801557,
        "nauc_ndcg_at_3_max": 0.3179856098877991,
        "nauc_ndcg_at_3_std": -0.34664797329438285,
        "nauc_ndcg_at_5_diff1": 0.27947552245370133,
        "nauc_ndcg_at_5_max": 0.30974620888437177,
        "nauc_ndcg_at_5_std": -0.3473783776238184,
        "nauc_precision_at_1000_diff1": 0.7222222222221585,
        "nauc_precision_at_1000_max": 1.0,
        "nauc_precision_at_1000_std": 1.0,
        "nauc_precision_at_100_diff1": 0.05653593176167455,
        "nauc_precision_at_100_max": 0.23519414998646673,
        "nauc_precision_at_100_std": -0.32043289390194646,
        "nauc_precision_at_10_diff1": 0.14571883328793384,
        "nauc_precision_at_10_max": 0.26472544024099093,
        "nauc_precision_at_10_std": -0.3566192376099602,
        "nauc_precision_at_1_diff1": 0.3871120861818455,
        "nauc_precision_at_1_max": 0.34922904450143094,
        "nauc_precision_at_1_std": -0.33280463403009725,
        "nauc_precision_at_20_diff1": 0.11843898213095515,
        "nauc_precision_at_20_max": 0.2573343526290476,
        "nauc_precision_at_20_std": -0.345997609897654,
        "nauc_precision_at_3_diff1": 0.24885318132752354,
        "nauc_precision_at_3_max": 0.30560414849189343,
        "nauc_precision_at_3_std": -0.3548096349515921,
        "nauc_precision_at_5_diff1": 0.21388374707822747,
        "nauc_precision_at_5_max": 0.2884751281002255,
        "nauc_precision_at_5_std": -0.3564519313022311,
        "nauc_recall_at_1000_diff1": 0.7222222222222368,
        "nauc_recall_at_1000_max": 1.0,
        "nauc_recall_at_1000_std": 1.0,
        "nauc_recall_at_100_diff1": 0.05653593176167498,
        "nauc_recall_at_100_max": 0.2351941499864664,
        "nauc_recall_at_100_std": -0.3204328939019465,
        "nauc_recall_at_10_diff1": 0.1457188332879339,
        "nauc_recall_at_10_max": 0.26472544024099104,
        "nauc_recall_at_10_std": -0.35661923760996017,
        "nauc_recall_at_1_diff1": 0.3871120861818455,
        "nauc_recall_at_1_max": 0.34922904450143094,
        "nauc_recall_at_1_std": -0.33280463403009725,
        "nauc_recall_at_20_diff1": 0.11843898213095543,
        "nauc_recall_at_20_max": 0.25733435262904814,
        "nauc_recall_at_20_std": -0.3459976098976536,
        "nauc_recall_at_3_diff1": 0.24885318132752351,
        "nauc_recall_at_3_max": 0.30560414849189343,
        "nauc_recall_at_3_std": -0.35480963495159223,
        "nauc_recall_at_5_diff1": 0.21388374707822774,
        "nauc_recall_at_5_max": 0.2884751281002256,
        "nauc_recall_at_5_std": -0.35645193130223085,
        "ndcg_at_1": 0.159,
        "ndcg_at_10": 0.23394,
        "ndcg_at_100": 0.28814,
        "ndcg_at_1000": 0.33768,
        "ndcg_at_20": 0.25255,
        "ndcg_at_3": 0.20089,
        "ndcg_at_5": 0.21522,
        "precision_at_1": 0.159,
        "precision_at_10": 0.0324,
        "precision_at_100": 0.00597,
        "precision_at_1000": 0.001,
        "precision_at_20": 0.01985,
        "precision_at_3": 0.077,
        "precision_at_5": 0.0532,
        "recall_at_1": 0.159,
        "recall_at_10": 0.324,
        "recall_at_100": 0.597,
        "recall_at_1000": 0.999,
        "recall_at_20": 0.397,
        "recall_at_3": 0.231,
        "recall_at_5": 0.266
      }
    ]
  },
  "task_name": "KorTATQARetrieval"
}