{
  "dataset_revision": "09e270b1afe87a65dd41c6292e3c8905220bc290",
  "evaluation_time": 16.13702964782715,
  "kg_co2_emissions": null,
  "mteb_version": "1.12.49",
  "scores": {
    "test": [
      {
        "cosine_pearson": 0.25596026821512174,
        "cosine_spearman": 0.25655564988265933,
        "euclidean_pearson": 0.2595658112715322,
        "euclidean_spearman": 0.2564027409823617,
        "hf_subset": "default",
        "languages": [
          "eng-Latn"
        ],
        "main_score": 0.25655564988265933,
        "manhattan_pearson": 0.25788753681607407,
        "manhattan_spearman": 0.25421104674476275,
        "pearson": 0.25596026821512174,
        "spearman": 0.25655564988265933
      }
    ]
  },
  "task_name": "FinSTS"
}