{
  "dataset_revision": "main",
  "evaluation_time": 202.34166717529297,
  "kg_co2_emissions": null,
  "mteb_version": "1.12.49",
  "scores": {
    "test": [
      {
        "hf_subset": "default",
        "languages": [
          "kor-Hang"
        ],
        "main_score": 0.2445167388167388,
        "map": 0.2445167388167388,
        "mrr": 0.2736035714285714,
        "nAUC_map_diff1": 0.12152178059852392,
        "nAUC_map_max": 0.09205699003415524,
        "nAUC_map_std": 0.05639037678028606,
        "nAUC_mrr_diff1": 0.009232102174618157,
        "nAUC_mrr_max": 0.023981810617917383,
        "nAUC_mrr_std": 0.015092463488016036
      }
    ]
  },
  "task_name": "FiQA2018Reranking"
}