{
  "dataset_revision": "main",
  "evaluation_time": 38.497400522232056,
  "kg_co2_emissions": null,
  "mteb_version": "1.12.49",
  "scores": {
    "train": [
      {
        "cosine_pearson": -0.0034867091770348375,
        "cosine_spearman": 0.008599722263745415,
        "euclidean_pearson": 0.006312079165927249,
        "euclidean_spearman": 0.008599722263745415,
        "hf_subset": "default",
        "languages": [
          "kor-Hang"
        ],
        "main_score": 0.008599722263745415,
        "manhattan_pearson": 0.007861580015961614,
        "manhattan_spearman": 0.007124688995206557,
        "pearson": -0.0034867091770348375,
        "spearman": 0.008599722263745415
      }
    ]
  },
  "task_name": "KorDartReportSTS"
}