{
  "dataset_revision": "main",
  "evaluation_time": 1246.9752886295319,
  "kg_co2_emissions": null,
  "mteb_version": "1.12.49",
  "scores": {
    "test": [
      {
        "hf_subset": "default",
        "languages": [
          "kor-Hang"
        ],
        "main_score": 0.22859211073918984,
        "map": 0.22859211073918984,
        "mrr": 0.29434843388641047,
        "nAUC_map_diff1": -0.06187042912795747,
        "nAUC_map_max": 0.04240288397660232,
        "nAUC_map_std": -0.0016982927655609893,
        "nAUC_mrr_diff1": -0.17656883747892996,
        "nAUC_mrr_max": -0.01589413370884747,
        "nAUC_mrr_std": -0.013785270108566589
      }
    ]
  },
  "task_name": "KorFiQA2018Reranking"
}