{
  "dataset_revision": "main",
  "evaluation_time": 49.468989849090576,
  "kg_co2_emissions": null,
  "mteb_version": "1.12.49",
  "scores": {
    "train": [
      {
        "cosine_pearson": 0.9216176586425925,
        "cosine_spearman": 0.8617811055439217,
        "euclidean_pearson": 0.9097919875513117,
        "euclidean_spearman": 0.8617885919039537,
        "hf_subset": "default",
        "languages": [
          "kor-Hang"
        ],
        "main_score": 0.8617811055439217,
        "manhattan_pearson": 0.9104995813375789,
        "manhattan_spearman": 0.8622228007858099,
        "pearson": 0.9216176586425925,
        "spearman": 0.8617811055439217
      }
    ]
  },
  "task_name": "KorFinanceColumnSummarization"
}