{
  "dataset_revision": "main",
  "evaluation_time": 32.13898539543152,
  "kg_co2_emissions": null,
  "mteb_version": "1.12.49",
  "scores": {
    "train": [
      {
        "cosine_pearson": -0.00411616293363502,
        "cosine_spearman": 0.0036393767009334256,
        "euclidean_pearson": -0.0036594427403357013,
        "euclidean_spearman": 0.00355939039981401,
        "hf_subset": "default",
        "languages": [
          "kor-Hang"
        ],
        "main_score": 0.0036393767009334256,
        "manhattan_pearson": 0.0012998802274640092,
        "manhattan_spearman": 0.007798664359143054,
        "pearson": -0.00411616293363502,
        "spearman": 0.0036393767009334256
      }
    ]
  },
  "task_name": "KorFinReportSTS"
}