{
  "dataset_revision": "main",
  "evaluation_time": 37.975773334503174,
  "kg_co2_emissions": null,
  "mteb_version": "1.12.49",
  "scores": {
    "train": [
      {
        "cosine_pearson": -0.07577756672883479,
        "cosine_spearman": -0.0692152403557762,
        "euclidean_pearson": -0.09410821735166011,
        "euclidean_spearman": -0.06927090198855125,
        "hf_subset": "default",
        "languages": [
          "kor-Hang"
        ],
        "main_score": -0.0692152403557762,
        "manhattan_pearson": -0.09348789411805598,
        "manhattan_spearman": -0.06779586872001239,
        "pearson": -0.07577756672883479,
        "spearman": -0.0692152403557762
      }
    ]
  },
  "task_name": "KorFinLawSTS"
}