{
  "dataset_revision": "main",
  "evaluation_time": 1377.009408712387,
  "kg_co2_emissions": null,
  "mteb_version": "1.12.49",
  "scores": {
    "test": [
      {
        "hf_subset": "default",
        "languages": [
          "kor-Hang"
        ],
        "main_score": 0.9395263815567233,
        "map": 0.9395263815567233,
        "mrr": 0.9395204111044915,
        "nAUC_map_diff1": 0.6681246085234249,
        "nAUC_map_max": 0.5686698240776127,
        "nAUC_map_std": 0.40049456591468785,
        "nAUC_mrr_diff1": 0.6680925693552824,
        "nAUC_mrr_max": 0.5687131249982551,
        "nAUC_mrr_std": 0.40055474982640193
      }
    ]
  },
  "task_name": "KorFiQA2018Reranking"
}