{
  "dataset_revision": "main",
  "evaluation_time": 51.21153426170349,
  "kg_co2_emissions": null,
  "mteb_version": "1.12.49",
  "scores": {
    "train": [
      {
        "cosine_pearson": 0.9132455899718933,
        "cosine_spearman": 0.832687902748546,
        "euclidean_pearson": 0.8905937454360583,
        "euclidean_spearman": 0.8326451036838608,
        "hf_subset": "default",
        "languages": [
          "kor-Hang"
        ],
        "main_score": 0.832687902748546,
        "manhattan_pearson": 0.8904763796276665,
        "manhattan_spearman": 0.8325024401349103,
        "pearson": 0.9132455899718933,
        "spearman": 0.832687902748546
      }
    ]
  },
  "task_name": "KorLawSummarization"
}