{
  "dataset_revision": "main",
  "evaluation_time": 39.069031715393066,
  "kg_co2_emissions": null,
  "mteb_version": "1.12.49",
  "scores": {
    "train": [
      {
        "hf_subset": "default",
        "languages": [
          "kor-Hang"
        ],
        "main_score": 0.00454,
        "map_at_1": 0.001,
        "map_at_10": 0.00293,
        "map_at_100": 0.0052,
        "map_at_1000": 0.00749,
        "map_at_20": 0.0036,
        "map_at_3": 0.00183,
        "map_at_5": 0.00228,
        "mrr_at_1": 0.001,
        "mrr_at_10": 0.0029289682539682537,
        "mrr_at_100": 0.005164647865414257,
        "mrr_at_1000": 0.00747812116566953,
        "mrr_at_20": 0.0035451080781963135,
        "mrr_at_3": 0.0018333333333333333,
        "mrr_at_5": 0.0022833333333333334,
        "nauc_map_at_1000_diff1": 0.1458397011989965,
        "nauc_map_at_1000_max": 0.1458397011989965,
        "nauc_map_at_1000_std": 0.1458397011989965,
        "nauc_map_at_100_diff1": 0.15954656310945467,
        "nauc_map_at_100_max": 0.15954656310945467,
        "nauc_map_at_100_std": 0.15954656310945467,
        "nauc_map_at_10_diff1": 0.24041783145268142,
        "nauc_map_at_10_max": 0.24041783145268142,
        "nauc_map_at_10_std": 0.24041783145268142,
        "nauc_map_at_1_diff1": 1.0,
        "nauc_map_at_1_max": 1.0,
        "nauc_map_at_1_std": 1.0,
        "nauc_map_at_20_diff1": 0.24473288435053428,
        "nauc_map_at_20_max": 0.24473288435053428,
        "nauc_map_at_20_std": 0.24473288435053428,
        "nauc_map_at_3_diff1": 0.35678220357587137,
        "nauc_map_at_3_max": 0.35678220357587137,
        "nauc_map_at_3_std": 0.35678220357587137,
        "nauc_map_at_5_diff1": 0.3225838671834454,
        "nauc_map_at_5_max": 0.3225838671834454,
        "nauc_map_at_5_std": 0.3225838671834454,
        "nauc_mrr_at_1000_diff1": -0.07438430704179448,
        "nauc_mrr_at_1000_max": -0.07438430704179448,
        "nauc_mrr_at_1000_std": -0.07438430704179448,
        "nauc_mrr_at_100_diff1": -0.08614343119316104,
        "nauc_mrr_at_100_max": -0.08614343119316104,
        "nauc_mrr_at_100_std": -0.08614343119316104,
        "nauc_mrr_at_10_diff1": -0.1424512287566241,
        "nauc_mrr_at_10_max": -0.1424512287566241,
        "nauc_mrr_at_10_std": -0.1424512287566241,
        "nauc_mrr_at_1_diff1": -0.0705661389857795,
        "nauc_mrr_at_1_max": -0.0705661389857795,
        "nauc_mrr_at_1_std": -0.0705661389857795,
        "nauc_mrr_at_20_diff1": -0.126667001892167,
        "nauc_mrr_at_20_max": -0.126667001892167,
        "nauc_mrr_at_20_std": -0.126667001892167,
        "nauc_mrr_at_3_diff1": -0.17008561602068442,
        "nauc_mrr_at_3_max": -0.17008561602068442,
        "nauc_mrr_at_3_std": -0.17008561602068442,
        "nauc_mrr_at_5_diff1": -0.20990836253106654,
        "nauc_mrr_at_5_max": -0.20990836253106654,
        "nauc_mrr_at_5_std": -0.20990836253106654,
        "nauc_ndcg_at_1000_diff1": 0.04358451685022394,
        "nauc_ndcg_at_1000_max": 0.04358451685022394,
        "nauc_ndcg_at_1000_std": 0.04358451685022394,
        "nauc_ndcg_at_100_diff1": 0.035680958920521956,
        "nauc_ndcg_at_100_max": 0.035680958920521956,
        "nauc_ndcg_at_100_std": 0.035680958920521956,
        "nauc_ndcg_at_10_diff1": 0.13879963900504644,
        "nauc_ndcg_at_10_max": 0.13879963900504644,
        "nauc_ndcg_at_10_std": 0.13879963900504644,
        "nauc_ndcg_at_1_diff1": 1.0,
        "nauc_ndcg_at_1_max": 1.0,
        "nauc_ndcg_at_1_std": 1.0,
        "nauc_ndcg_at_20_diff1": 0.17363627603182855,
        "nauc_ndcg_at_20_max": 0.17363627603182855,
        "nauc_ndcg_at_20_std": 0.17363627603182855,
        "nauc_ndcg_at_3_diff1": 0.24898738960129257,
        "nauc_ndcg_at_3_max": 0.24898738960129257,
        "nauc_ndcg_at_3_std": 0.24898738960129257,
        "nauc_ndcg_at_5_diff1": 0.22217581939406356,
        "nauc_ndcg_at_5_max": 0.22217581939406356,
        "nauc_ndcg_at_5_std": 0.22217581939406356,
        "nauc_precision_at_1000_diff1": 0.35807656395873844,
        "nauc_precision_at_1000_max": 0.35807656395873844,
        "nauc_precision_at_1000_std": 0.35807656395873844,
        "nauc_precision_at_100_diff1": -0.0018818286256519889,
        "nauc_precision_at_100_max": -0.0018818286256519889,
        "nauc_precision_at_100_std": -0.0018818286256519889,
        "nauc_precision_at_10_diff1": 0.046310705661389916,
        "nauc_precision_at_10_max": 0.046310705661389916,
        "nauc_precision_at_10_std": 0.046310705661389916,
        "nauc_precision_at_1_diff1": 1.0,
        "nauc_precision_at_1_max": 1.0,
        "nauc_precision_at_1_std": 1.0,
        "nauc_precision_at_20_diff1": 0.1349342634826939,
        "nauc_precision_at_20_max": 0.1349342634826939,
        "nauc_precision_at_20_std": 0.1349342634826939,
        "nauc_precision_at_3_diff1": 0.056613898577944674,
        "nauc_precision_at_3_max": 0.056613898577944674,
        "nauc_precision_at_3_std": 0.056613898577944674,
        "nauc_precision_at_5_diff1": 0.08333780520525894,
        "nauc_precision_at_5_max": 0.08333780520525894,
        "nauc_precision_at_5_std": 0.08333780520525894,
        "nauc_recall_at_1000_diff1": 0.3580765639589976,
        "nauc_recall_at_1000_max": 0.3580765639589976,
        "nauc_recall_at_1000_std": 0.3580765639589976,
        "nauc_recall_at_100_diff1": -0.0018818286256520266,
        "nauc_recall_at_100_max": -0.0018818286256520266,
        "nauc_recall_at_100_std": -0.0018818286256520266,
        "nauc_recall_at_10_diff1": 0.046310705661389895,
        "nauc_recall_at_10_max": 0.046310705661389895,
        "nauc_recall_at_10_std": 0.046310705661389895,
        "nauc_recall_at_1_diff1": 1.0,
        "nauc_recall_at_1_max": 1.0,
        "nauc_recall_at_1_std": 1.0,
        "nauc_recall_at_20_diff1": 0.13493426348269383,
        "nauc_recall_at_20_max": 0.13493426348269383,
        "nauc_recall_at_20_std": 0.13493426348269383,
        "nauc_recall_at_3_diff1": 0.056613898577944695,
        "nauc_recall_at_3_max": 0.056613898577944695,
        "nauc_recall_at_3_std": 0.056613898577944695,
        "nauc_recall_at_5_diff1": 0.0833378052052589,
        "nauc_recall_at_5_max": 0.0833378052052589,
        "nauc_recall_at_5_std": 0.0833378052052589,
        "ndcg_at_1": 0.001,
        "ndcg_at_10": 0.00454,
        "ndcg_at_100": 0.02109,
        "ndcg_at_1000": 0.123,
        "ndcg_at_20": 0.00704,
        "ndcg_at_3": 0.00213,
        "ndcg_at_5": 0.00295,
        "precision_at_1": 0.001,
        "precision_at_10": 0.001,
        "precision_at_100": 0.00101,
        "precision_at_1000": 0.001,
        "precision_at_20": 0.001,
        "precision_at_3": 0.001,
        "precision_at_5": 0.001,
        "recall_at_1": 0.001,
        "recall_at_10": 0.01,
        "recall_at_100": 0.101,
        "recall_at_1000": 0.999,
        "recall_at_20": 0.02,
        "recall_at_3": 0.003,
        "recall_at_5": 0.005
      }
    ]
  },
  "task_name": "KorNewsRetrieval"
}