{
  "dataset_revision": "main",
  "evaluation_time": 1705.7964148521423,
  "kg_co2_emissions": null,
  "mteb_version": "1.12.49",
  "scores": {
    "train": [
      {
        "cosine": {
          "accuracy": 0.85,
          "accuracy_threshold": 0.8977738015360961,
          "ap": 0.6352108290522699,
          "f1": 0.6170678336980308,
          "f1_threshold": 0.8729494589017939,
          "precision": 0.5486381322957199,
          "recall": 0.705
        },
        "dot": {
          "accuracy": 0.851,
          "accuracy_threshold": 0.8974609375,
          "ap": 0.6347228324881384,
          "f1": 0.6197802197802199,
          "f1_threshold": 0.87353515625,
          "precision": 0.5529411764705883,
          "recall": 0.705
        },
        "euclidean": {
          "accuracy": 0.85,
          "accuracy_threshold": 0.4521891638022998,
          "ap": 0.6350766039124547,
          "f1": 0.6177777777777778,
          "f1_threshold": 0.4994090370039157,
          "precision": 0.556,
          "recall": 0.695
        },
        "hf_subset": "default",
        "languages": [
          "kor-Hang"
        ],
        "main_score": 0.639186282417992,
        "manhattan": {
          "accuracy": 0.851,
          "accuracy_threshold": 13.779845595359802,
          "ap": 0.639186282417992,
          "f1": 0.6290672451193059,
          "f1_threshold": 15.316852629184723,
          "precision": 0.5555555555555556,
          "recall": 0.725
        },
        "max": {
          "accuracy": 0.851,
          "ap": 0.639186282417992,
          "f1": 0.6290672451193059
        },
        "similarity": {
          "accuracy": 0.85,
          "accuracy_threshold": 0.8977738015360961,
          "ap": 0.6352108290522699,
          "f1": 0.6170678336980308,
          "f1_threshold": 0.8729494589017939,
          "precision": 0.5486381322957199,
          "recall": 0.705
        }
      }
    ]
  },
  "task_name": "KorOpnionHeadlineACPairClassification"
}