{
  "dataset_revision": "09e270b1afe87a65dd41c6292e3c8905220bc290",
  "evaluation_time": 0.5855226516723633,
  "kg_co2_emissions": null,
  "mteb_version": "1.12.49",
  "scores": {
    "test": [
      {
        "cosine_pearson": 0.26006381971012854,
        "cosine_spearman": 0.25691243731668706,
        "euclidean_pearson": 0.2629774896851122,
        "euclidean_spearman": 0.25691243731668706,
        "hf_subset": "default",
        "languages": [
          "eng-Latn"
        ],
        "main_score": 0.25691243731668706,
        "manhattan_pearson": 0.26011821168299226,
        "manhattan_spearman": 0.2538032896773025,
        "pearson": 0.26006381971012854,
        "spearman": 0.25691243731668706
      }
    ]
  },
  "task_name": "FinSTS"
}