{
  "dataset_revision": "main",
  "evaluation_time": 33.68477702140808,
  "kg_co2_emissions": null,
  "mteb_version": "1.12.49",
  "scores": {
    "test": [
      {
        "hf_subset": "default",
        "languages": [
          "kor-Hang"
        ],
        "main_score": 0.9036214285714285,
        "map": 0.9036214285714285,
        "mrr": 0.9047880952380951,
        "nAUC_map_diff1": 0.8771122954267653,
        "nAUC_map_max": 0.7390212525904108,
        "nAUC_map_std": 0.5799331913432839,
        "nAUC_mrr_diff1": 0.8742919401651693,
        "nAUC_mrr_max": 0.7353516387457081,
        "nAUC_mrr_std": 0.5762184174398116
      }
    ]
  },
  "task_name": "FiQA2018Reranking"
}