{
  "dataset_revision": "main",
  "evaluation_time": 2.4081528186798096,
  "kg_co2_emissions": null,
  "mteb_version": "1.12.49",
  "scores": {
    "train": [
      {
        "hf_subset": "default",
        "languages": [
          "kor-Hang"
        ],
        "main_score": 0.51448,
        "map_at_1": 0.346,
        "map_at_10": 0.45594,
        "map_at_100": 0.46459,
        "map_at_1000": 0.46502,
        "map_at_20": 0.46138,
        "map_at_3": 0.42417,
        "map_at_5": 0.44422,
        "mrr_at_1": 0.346,
        "mrr_at_10": 0.45593690476190407,
        "mrr_at_100": 0.46459458898234457,
        "mrr_at_1000": 0.46501563018523584,
        "mrr_at_20": 0.4613837854654795,
        "mrr_at_3": 0.4241666666666663,
        "mrr_at_5": 0.4442166666666659,
        "nauc_map_at_1000_diff1": 0.41611382444447026,
        "nauc_map_at_1000_max": 0.47643018538925447,
        "nauc_map_at_1000_std": 0.13843523553545717,
        "nauc_map_at_100_diff1": 0.4159491157500459,
        "nauc_map_at_100_max": 0.47670380113910055,
        "nauc_map_at_100_std": 0.1391060847101915,
        "nauc_map_at_10_diff1": 0.4145151151248659,
        "nauc_map_at_10_max": 0.4773337764461112,
        "nauc_map_at_10_std": 0.1379472831156177,
        "nauc_map_at_1_diff1": 0.46781693620191767,
        "nauc_map_at_1_max": 0.4476077370399825,
        "nauc_map_at_1_std": 0.06129339931464677,
        "nauc_map_at_20_diff1": 0.41545990204753874,
        "nauc_map_at_20_max": 0.4770956079767955,
        "nauc_map_at_20_std": 0.13944023626966684,
        "nauc_map_at_3_diff1": 0.418419645616531,
        "nauc_map_at_3_max": 0.47306012352713817,
        "nauc_map_at_3_std": 0.123100829766485,
        "nauc_map_at_5_diff1": 0.41521363504190084,
        "nauc_map_at_5_max": 0.47196636984836615,
        "nauc_map_at_5_std": 0.13030455390598208,
        "nauc_mrr_at_1000_diff1": 0.41611382444447026,
        "nauc_mrr_at_1000_max": 0.47643018538925447,
        "nauc_mrr_at_1000_std": 0.13843523553545717,
        "nauc_mrr_at_100_diff1": 0.4159491157500459,
        "nauc_mrr_at_100_max": 0.47670380113910055,
        "nauc_mrr_at_100_std": 0.1391060847101915,
        "nauc_mrr_at_10_diff1": 0.4145151151248659,
        "nauc_mrr_at_10_max": 0.4773337764461112,
        "nauc_mrr_at_10_std": 0.1379472831156177,
        "nauc_mrr_at_1_diff1": 0.46781693620191767,
        "nauc_mrr_at_1_max": 0.4476077370399825,
        "nauc_mrr_at_1_std": 0.06129339931464677,
        "nauc_mrr_at_20_diff1": 0.41545990204753874,
        "nauc_mrr_at_20_max": 0.4770956079767955,
        "nauc_mrr_at_20_std": 0.13944023626966684,
        "nauc_mrr_at_3_diff1": 0.418419645616531,
        "nauc_mrr_at_3_max": 0.47306012352713817,
        "nauc_mrr_at_3_std": 0.123100829766485,
        "nauc_mrr_at_5_diff1": 0.41521363504190084,
        "nauc_mrr_at_5_max": 0.47196636984836615,
        "nauc_mrr_at_5_std": 0.13030455390598208,
        "nauc_ndcg_at_1000_diff1": 0.40783688706294235,
        "nauc_ndcg_at_1000_max": 0.48695902310812367,
        "nauc_ndcg_at_1000_std": 0.1637206124848861,
        "nauc_ndcg_at_100_diff1": 0.4041156311831667,
        "nauc_ndcg_at_100_max": 0.4960841779402221,
        "nauc_ndcg_at_100_std": 0.18520232585703547,
        "nauc_ndcg_at_10_diff1": 0.3954942481993128,
        "nauc_ndcg_at_10_max": 0.496352836211657,
        "nauc_ndcg_at_10_std": 0.17837339208135794,
        "nauc_ndcg_at_1_diff1": 0.46781693620191767,
        "nauc_ndcg_at_1_max": 0.4476077370399825,
        "nauc_ndcg_at_1_std": 0.06129339931464677,
        "nauc_ndcg_at_20_diff1": 0.3987252086715418,
        "nauc_ndcg_at_20_max": 0.4970044635274492,
        "nauc_ndcg_at_20_std": 0.18705349792767187,
        "nauc_ndcg_at_3_diff1": 0.40470957909242794,
        "nauc_ndcg_at_3_max": 0.4832204847945948,
        "nauc_ndcg_at_3_std": 0.14326303230813023,
        "nauc_ndcg_at_5_diff1": 0.39925049433180676,
        "nauc_ndcg_at_5_max": 0.4822848156326677,
        "nauc_ndcg_at_5_std": 0.15714761808403543,
        "nauc_precision_at_1000_diff1": 0.869281045751619,
        "nauc_precision_at_1000_max": 1.0,
        "nauc_precision_at_1000_std": 1.0,
        "nauc_precision_at_100_diff1": 0.33389455072809254,
        "nauc_precision_at_100_max": 0.7175338220394534,
        "nauc_precision_at_100_std": 0.6940868545999969,
        "nauc_precision_at_10_diff1": 0.3219185732300481,
        "nauc_precision_at_10_max": 0.5758007566204283,
        "nauc_precision_at_10_std": 0.34346063772293245,
        "nauc_precision_at_1_diff1": 0.46781693620191767,
        "nauc_precision_at_1_max": 0.4476077370399825,
        "nauc_precision_at_1_std": 0.06129339931464677,
        "nauc_precision_at_20_diff1": 0.3214633467798011,
        "nauc_precision_at_20_max": 0.6048360921778633,
        "nauc_precision_at_20_std": 0.44522650345435055,
        "nauc_precision_at_3_diff1": 0.36484988187111755,
        "nauc_precision_at_3_max": 0.5139112842512161,
        "nauc_precision_at_3_std": 0.20299962494422033,
        "nauc_precision_at_5_diff1": 0.3487482488219347,
        "nauc_precision_at_5_max": 0.5164080078113148,
        "nauc_precision_at_5_std": 0.24535748291274695,
        "nauc_recall_at_1000_diff1": 0.8692810457516946,
        "nauc_recall_at_1000_max": 1.0,
        "nauc_recall_at_1000_std": 1.0,
        "nauc_recall_at_100_diff1": 0.3338945507280932,
        "nauc_recall_at_100_max": 0.7175338220394525,
        "nauc_recall_at_100_std": 0.6940868545999933,
        "nauc_recall_at_10_diff1": 0.321918573230049,
        "nauc_recall_at_10_max": 0.5758007566204288,
        "nauc_recall_at_10_std": 0.3434606377229336,
        "nauc_recall_at_1_diff1": 0.46781693620191767,
        "nauc_recall_at_1_max": 0.4476077370399825,
        "nauc_recall_at_1_std": 0.06129339931464677,
        "nauc_recall_at_20_diff1": 0.3214633467798028,
        "nauc_recall_at_20_max": 0.6048360921778636,
        "nauc_recall_at_20_std": 0.44522650345435116,
        "nauc_recall_at_3_diff1": 0.3648498818711179,
        "nauc_recall_at_3_max": 0.5139112842512162,
        "nauc_recall_at_3_std": 0.20299962494422075,
        "nauc_recall_at_5_diff1": 0.3487482488219345,
        "nauc_recall_at_5_max": 0.5164080078113152,
        "nauc_recall_at_5_std": 0.2453574829127476,
        "ndcg_at_1": 0.346,
        "ndcg_at_10": 0.51448,
        "ndcg_at_100": 0.55789,
        "ndcg_at_1000": 0.56958,
        "ndcg_at_20": 0.53456,
        "ndcg_at_3": 0.45027,
        "ndcg_at_5": 0.48604,
        "precision_at_1": 0.346,
        "precision_at_10": 0.07,
        "precision_at_100": 0.00906,
        "precision_at_1000": 0.001,
        "precision_at_20": 0.039,
        "precision_at_3": 0.17533,
        "precision_at_5": 0.1224,
        "recall_at_1": 0.346,
        "recall_at_10": 0.7,
        "recall_at_100": 0.906,
        "recall_at_1000": 0.999,
        "recall_at_20": 0.78,
        "recall_at_3": 0.526,
        "recall_at_5": 0.612
      }
    ]
  },
  "task_name": "KorBoKDictRetrieval"
}