{
  "dataset_revision": "main",
  "evaluation_time": 0.6044049263000488,
  "kg_co2_emissions": null,
  "mteb_version": "1.12.49",
  "scores": {
    "test": [
      {
        "cosine_pearson": -0.02550720631518675,
        "cosine_spearman": -0.04976865083514786,
        "euclidean_pearson": -0.044060156022348675,
        "euclidean_spearman": -0.04976865083514786,
        "hf_subset": "default",
        "languages": [
          "eng-Latn",
          "kor-Hang",
          "zho-Hans"
        ],
        "main_score": -0.04976865083514786,
        "manhattan_pearson": -0.03962338425710861,
        "manhattan_spearman": -0.04608541133290768,
        "pearson": -0.02550720631518675,
        "spearman": -0.04976865083514786
      }
    ]
  },
  "task_name": "KorFinSTS"
}