{
  "dataset_revision": "main",
  "evaluation_time": 26.3452467918396,
  "kg_co2_emissions": null,
  "mteb_version": "1.12.49",
  "scores": {
    "train": [
      {
        "cosine_pearson": 0.2789115278557198,
        "cosine_spearman": 0.0877758413275278,
        "euclidean_pearson": 0.14548631217075442,
        "euclidean_spearman": 0.08777051393826274,
        "hf_subset": "default",
        "languages": [
          "kor-Hang"
        ],
        "main_score": 0.0877758413275278,
        "manhattan_pearson": 0.14420421925372462,
        "manhattan_spearman": 0.08677429214569678,
        "pearson": 0.2789115278557198,
        "spearman": 0.0877758413275278
      }
    ]
  },
  "task_name": "KorFinSTS"
}