{
  "dataset_revision": "main",
  "evaluation_time": 3.117908477783203,
  "kg_co2_emissions": null,
  "mteb_version": "1.12.49",
  "scores": {
    "test": [
      {
        "cosine_pearson": -0.03682335408375083,
        "cosine_spearman": -0.038279913833103626,
        "euclidean_pearson": -0.04165647246623595,
        "euclidean_spearman": -0.03836373846193524,
        "hf_subset": "default",
        "languages": [
          "kor-Hang"
        ],
        "main_score": -0.038279913833103626,
        "manhattan_pearson": -0.03893906530324222,
        "manhattan_spearman": -0.03707842748651716,
        "pearson": -0.03682335408375083,
        "spearman": -0.038279913833103626
      }
    ]
  },
  "task_name": "KorFinSTS"
}