{
  "dataset_revision": "main",
  "evaluation_time": 2.3330953121185303,
  "kg_co2_emissions": null,
  "mteb_version": "1.12.49",
  "scores": {
    "train": [
      {
        "hf_subset": "default",
        "languages": [
          "kor-Hang"
        ],
        "main_score": 0.49684,
        "map_at_1": 0.32,
        "map_at_10": 0.43431,
        "map_at_100": 0.44428,
        "map_at_1000": 0.44468,
        "map_at_20": 0.44103,
        "map_at_3": 0.40033,
        "map_at_5": 0.42053,
        "mrr_at_1": 0.32,
        "mrr_at_10": 0.43431190476190423,
        "mrr_at_100": 0.444276584671539,
        "mrr_at_1000": 0.44468225091397895,
        "mrr_at_20": 0.4410267387368386,
        "mrr_at_3": 0.4003333333333329,
        "mrr_at_5": 0.4205333333333325,
        "nauc_map_at_1000_diff1": 0.4890178461692403,
        "nauc_map_at_1000_max": 0.4666404520388214,
        "nauc_map_at_1000_std": 0.11091794314630461,
        "nauc_map_at_100_diff1": 0.488766160788715,
        "nauc_map_at_100_max": 0.4668087604619455,
        "nauc_map_at_100_std": 0.11138656601842874,
        "nauc_map_at_10_diff1": 0.48671236037159143,
        "nauc_map_at_10_max": 0.46546034364152317,
        "nauc_map_at_10_std": 0.10829632498423036,
        "nauc_map_at_1_diff1": 0.5326956009846945,
        "nauc_map_at_1_max": 0.44529594348710266,
        "nauc_map_at_1_std": 0.06890720325377277,
        "nauc_map_at_20_diff1": 0.4876153911590812,
        "nauc_map_at_20_max": 0.466437085494367,
        "nauc_map_at_20_std": 0.11170045668606642,
        "nauc_map_at_3_diff1": 0.4960284491635719,
        "nauc_map_at_3_max": 0.46592032831013275,
        "nauc_map_at_3_std": 0.09428503426039835,
        "nauc_map_at_5_diff1": 0.48842692173624114,
        "nauc_map_at_5_max": 0.46722142654794996,
        "nauc_map_at_5_std": 0.10341668295899689,
        "nauc_mrr_at_1000_diff1": 0.4890178461692403,
        "nauc_mrr_at_1000_max": 0.4666404520388214,
        "nauc_mrr_at_1000_std": 0.11091794314630461,
        "nauc_mrr_at_100_diff1": 0.488766160788715,
        "nauc_mrr_at_100_max": 0.4668087604619455,
        "nauc_mrr_at_100_std": 0.11138656601842874,
        "nauc_mrr_at_10_diff1": 0.48671236037159143,
        "nauc_mrr_at_10_max": 0.46546034364152317,
        "nauc_mrr_at_10_std": 0.10829632498423036,
        "nauc_mrr_at_1_diff1": 0.5326956009846945,
        "nauc_mrr_at_1_max": 0.44529594348710266,
        "nauc_mrr_at_1_std": 0.06890720325377277,
        "nauc_mrr_at_20_diff1": 0.4876153911590812,
        "nauc_mrr_at_20_max": 0.466437085494367,
        "nauc_mrr_at_20_std": 0.11170045668606642,
        "nauc_mrr_at_3_diff1": 0.4960284491635719,
        "nauc_mrr_at_3_max": 0.46592032831013275,
        "nauc_mrr_at_3_std": 0.09428503426039835,
        "nauc_mrr_at_5_diff1": 0.48842692173624114,
        "nauc_mrr_at_5_max": 0.46722142654794996,
        "nauc_mrr_at_5_std": 0.10341668295899689,
        "nauc_ndcg_at_1000_diff1": 0.4788955508542944,
        "nauc_ndcg_at_1000_max": 0.47183533164298197,
        "nauc_ndcg_at_1000_std": 0.1271001676649702,
        "nauc_ndcg_at_100_diff1": 0.4724078758606474,
        "nauc_ndcg_at_100_max": 0.4770103865310862,
        "nauc_ndcg_at_100_std": 0.14178483367334788,
        "nauc_ndcg_at_10_diff1": 0.4636214635554048,
        "nauc_ndcg_at_10_max": 0.4699263720480619,
        "nauc_ndcg_at_10_std": 0.1292859108380974,
        "nauc_ndcg_at_1_diff1": 0.5326956009846945,
        "nauc_ndcg_at_1_max": 0.44529594348710266,
        "nauc_ndcg_at_1_std": 0.06890720325377277,
        "nauc_ndcg_at_20_diff1": 0.46580882577096594,
        "nauc_ndcg_at_20_max": 0.47406230633328433,
        "nauc_ndcg_at_20_std": 0.14448369732970087,
        "nauc_ndcg_at_3_diff1": 0.48353224342639445,
        "nauc_ndcg_at_3_max": 0.47171317180326944,
        "nauc_ndcg_at_3_std": 0.100258895202808,
        "nauc_ndcg_at_5_diff1": 0.4687938317180365,
        "nauc_ndcg_at_5_max": 0.47412798506034953,
        "nauc_ndcg_at_5_std": 0.11716241370230616,
        "nauc_precision_at_1000_diff1": 0.7222222222221585,
        "nauc_precision_at_1000_max": 0.7222222222221585,
        "nauc_precision_at_1000_std": 0.55415499533131,
        "nauc_precision_at_100_diff1": 0.30687042749589055,
        "nauc_precision_at_100_max": 0.6228888179744454,
        "nauc_precision_at_100_std": 0.5502487914997203,
        "nauc_precision_at_10_diff1": 0.37207599205498587,
        "nauc_precision_at_10_max": 0.4841456966891012,
        "nauc_precision_at_10_std": 0.2144832168731503,
        "nauc_precision_at_1_diff1": 0.5326956009846945,
        "nauc_precision_at_1_max": 0.44529594348710266,
        "nauc_precision_at_1_std": 0.06890720325377277,
        "nauc_precision_at_20_diff1": 0.35312546008790135,
        "nauc_precision_at_20_max": 0.5146298902064327,
        "nauc_precision_at_20_std": 0.33937290471443693,
        "nauc_precision_at_3_diff1": 0.4469902834604541,
        "nauc_precision_at_3_max": 0.4882912685072959,
        "nauc_precision_at_3_std": 0.11694535032444285,
        "nauc_precision_at_5_diff1": 0.4045767695522027,
        "nauc_precision_at_5_max": 0.4956895853609333,
        "nauc_precision_at_5_std": 0.16201858447602835,
        "nauc_recall_at_1000_diff1": 0.7222222222222368,
        "nauc_recall_at_1000_max": 0.7222222222222368,
        "nauc_recall_at_1000_std": 0.554154995331521,
        "nauc_recall_at_100_diff1": 0.30687042749589283,
        "nauc_recall_at_100_max": 0.6228888179744483,
        "nauc_recall_at_100_std": 0.5502487914997218,
        "nauc_recall_at_10_diff1": 0.37207599205498665,
        "nauc_recall_at_10_max": 0.4841456966891014,
        "nauc_recall_at_10_std": 0.21448321687315164,
        "nauc_recall_at_1_diff1": 0.5326956009846945,
        "nauc_recall_at_1_max": 0.44529594348710266,
        "nauc_recall_at_1_std": 0.06890720325377277,
        "nauc_recall_at_20_diff1": 0.3531254600879021,
        "nauc_recall_at_20_max": 0.5146298902064333,
        "nauc_recall_at_20_std": 0.3393729047144371,
        "nauc_recall_at_3_diff1": 0.4469902834604544,
        "nauc_recall_at_3_max": 0.48829126850729576,
        "nauc_recall_at_3_std": 0.11694535032444271,
        "nauc_recall_at_5_diff1": 0.4045767695522032,
        "nauc_recall_at_5_max": 0.4956895853609339,
        "nauc_recall_at_5_std": 0.16201858447602907,
        "ndcg_at_1": 0.32,
        "ndcg_at_10": 0.49684,
        "ndcg_at_100": 0.54497,
        "ndcg_at_1000": 0.55508,
        "ndcg_at_20": 0.52101,
        "ndcg_at_3": 0.42716,
        "ndcg_at_5": 0.46349,
        "precision_at_1": 0.32,
        "precision_at_10": 0.0696,
        "precision_at_100": 0.00921,
        "precision_at_1000": 0.001,
        "precision_at_20": 0.03955,
        "precision_at_3": 0.16833,
        "precision_at_5": 0.1186,
        "recall_at_1": 0.32,
        "recall_at_10": 0.696,
        "recall_at_100": 0.921,
        "recall_at_1000": 0.999,
        "recall_at_20": 0.791,
        "recall_at_3": 0.505,
        "recall_at_5": 0.593
      }
    ]
  },
  "task_name": "KorFSSDictRetrieval"
}