{
  "dataset_revision": "main",
  "evaluation_time": 122.57984256744385,
  "kg_co2_emissions": null,
  "mteb_version": "1.12.49",
  "scores": {
    "test": [
      {
        "hf_subset": "default",
        "languages": [
          "kor-Hang"
        ],
        "main_score": 0.9803099389691843,
        "map": 0.9803099389691843,
        "mrr": 0.9803099389691843,
        "nAUC_map_diff1": 0.8645042587710103,
        "nAUC_map_max": 0.7886163089009304,
        "nAUC_map_std": 0.6469342754598388,
        "nAUC_mrr_diff1": 0.8645042587710103,
        "nAUC_mrr_max": 0.7886163089009304,
        "nAUC_mrr_std": 0.6469342754598388
      }
    ]
  },
  "task_name": "KorFiQA2018Reranking"
}