{
  "dataset_revision": "main",
  "evaluation_time": 9.280191421508789,
  "kg_co2_emissions": null,
  "mteb_version": "1.12.49",
  "scores": {
    "train": [
      {
        "cosine_pearson": 0.27891152785571993,
        "cosine_spearman": 0.0877758413275278,
        "euclidean_pearson": 0.1454863121707544,
        "euclidean_spearman": 0.08777051393826274,
        "hf_subset": "default",
        "languages": [
          "kor-Hang"
        ],
        "main_score": 0.0877758413275278,
        "manhattan_pearson": 0.14420421925372465,
        "manhattan_spearman": 0.08677429214569678,
        "pearson": 0.27891152785571993,
        "spearman": 0.0877758413275278
      }
    ]
  },
  "task_name": "KorFinSTS"
}