{
  "dataset_revision": "main",
  "evaluation_time": 0.5056056976318359,
  "kg_co2_emissions": null,
  "mteb_version": "1.12.49",
  "scores": {
    "train": [
      {
        "cosine": {
          "accuracy": 0.866,
          "accuracy_threshold": 0.9626847967032828,
          "ap": 0.6699277393438574,
          "f1": 0.6153846153846154,
          "f1_threshold": 0.9425489580925785,
          "precision": 0.5764192139737991,
          "recall": 0.66
        },
        "dot": {
          "accuracy": 0.866,
          "accuracy_threshold": 0.962890625,
          "ap": 0.667743989909292,
          "f1": 0.6153846153846154,
          "f1_threshold": 0.9423828125,
          "precision": 0.5764192139737991,
          "recall": 0.66
        },
        "euclidean": {
          "accuracy": 0.866,
          "accuracy_threshold": 0.27318138829774635,
          "ap": 0.6698654381467463,
          "f1": 0.6153846153846154,
          "f1_threshold": 0.3389573759101539,
          "precision": 0.5764192139737991,
          "recall": 0.66
        },
        "hf_subset": "default",
        "languages": [
          "kor-Hang"
        ],
        "main_score": 0.6699277393438574,
        "manhattan": {
          "accuracy": 0.865,
          "accuracy_threshold": 6.802207499742508,
          "ap": 0.668275402388441,
          "f1": 0.614406779661017,
          "f1_threshold": 9.088332921266556,
          "precision": 0.5330882352941176,
          "recall": 0.725
        },
        "max": {
          "accuracy": 0.866,
          "ap": 0.6699277393438574,
          "f1": 0.6153846153846154
        },
        "similarity": {
          "accuracy": 0.866,
          "accuracy_threshold": 0.9626847967032828,
          "ap": 0.6699277393438574,
          "f1": 0.6153846153846154,
          "f1_threshold": 0.9425489580925785,
          "precision": 0.5764192139737991,
          "recall": 0.66
        }
      }
    ]
  },
  "task_name": "KorHeadlineACPairClassification"
}