{
  "dataset_revision": "main",
  "evaluation_time": 3.1527979373931885,
  "kg_co2_emissions": null,
  "mteb_version": "1.12.49",
  "scores": {
    "train": [
      {
        "hf_subset": "default",
        "languages": [
          "kor-Hang"
        ],
        "main_score": 0.63456,
        "map_at_1": 0.524,
        "map_at_10": 0.59504,
        "map_at_100": 0.60511,
        "map_at_1000": 0.60528,
        "map_at_20": 0.60168,
        "map_at_3": 0.57417,
        "map_at_5": 0.58567,
        "mrr_at_1": 0.524,
        "mrr_at_10": 0.5950444444444446,
        "mrr_at_100": 0.605107080532266,
        "mrr_at_1000": 0.6052798586185408,
        "mrr_at_20": 0.6016787819722416,
        "mrr_at_3": 0.5741666666666665,
        "mrr_at_5": 0.5856666666666666,
        "nauc_map_at_1000_diff1": 0.7958416627726872,
        "nauc_map_at_1000_max": 0.38011657336378984,
        "nauc_map_at_1000_std": -0.6523632733054842,
        "nauc_map_at_100_diff1": 0.7957307119687415,
        "nauc_map_at_100_max": 0.3802400977504847,
        "nauc_map_at_100_std": -0.6522389563459786,
        "nauc_map_at_10_diff1": 0.7948236061125556,
        "nauc_map_at_10_max": 0.3781381006569884,
        "nauc_map_at_10_std": -0.6543437256266671,
        "nauc_map_at_1_diff1": 0.8237625872158143,
        "nauc_map_at_1_max": 0.38296826081967866,
        "nauc_map_at_1_std": -0.6330789026515792,
        "nauc_map_at_20_diff1": 0.7942960894458541,
        "nauc_map_at_20_max": 0.37986730590373186,
        "nauc_map_at_20_std": -0.6534688094961006,
        "nauc_map_at_3_diff1": 0.8030915061099757,
        "nauc_map_at_3_max": 0.3830727807203585,
        "nauc_map_at_3_std": -0.6484750192886041,
        "nauc_map_at_5_diff1": 0.7961841805435348,
        "nauc_map_at_5_max": 0.3769953254697888,
        "nauc_map_at_5_std": -0.6519342184805331,
        "nauc_mrr_at_1000_diff1": 0.7958416627726872,
        "nauc_mrr_at_1000_max": 0.38011657336378984,
        "nauc_mrr_at_1000_std": -0.6523632733054842,
        "nauc_mrr_at_100_diff1": 0.7957307119687415,
        "nauc_mrr_at_100_max": 0.3802400977504847,
        "nauc_mrr_at_100_std": -0.6522389563459786,
        "nauc_mrr_at_10_diff1": 0.7948236061125556,
        "nauc_mrr_at_10_max": 0.3781381006569884,
        "nauc_mrr_at_10_std": -0.6543437256266671,
        "nauc_mrr_at_1_diff1": 0.8237625872158143,
        "nauc_mrr_at_1_max": 0.38296826081967866,
        "nauc_mrr_at_1_std": -0.6330789026515792,
        "nauc_mrr_at_20_diff1": 0.7942960894458541,
        "nauc_mrr_at_20_max": 0.37986730590373186,
        "nauc_mrr_at_20_std": -0.6534688094961006,
        "nauc_mrr_at_3_diff1": 0.8030915061099757,
        "nauc_mrr_at_3_max": 0.3830727807203585,
        "nauc_mrr_at_3_std": -0.6484750192886041,
        "nauc_mrr_at_5_diff1": 0.7961841805435348,
        "nauc_mrr_at_5_max": 0.3769953254697888,
        "nauc_mrr_at_5_std": -0.6519342184805331,
        "nauc_ndcg_at_1000_diff1": 0.7884358665423805,
        "nauc_ndcg_at_1000_max": 0.38092549167236045,
        "nauc_ndcg_at_1000_std": -0.6550986710634179,
        "nauc_ndcg_at_100_diff1": 0.7857011275864833,
        "nauc_ndcg_at_100_max": 0.3839395040444575,
        "nauc_ndcg_at_100_std": -0.6517898066784028,
        "nauc_ndcg_at_10_diff1": 0.778029043861697,
        "nauc_ndcg_at_10_max": 0.37519643253368923,
        "nauc_ndcg_at_10_std": -0.6660345487928768,
        "nauc_ndcg_at_1_diff1": 0.8237625872158143,
        "nauc_ndcg_at_1_max": 0.38296826081967866,
        "nauc_ndcg_at_1_std": -0.6330789026515792,
        "nauc_ndcg_at_20_diff1": 0.7752050170837672,
        "nauc_ndcg_at_20_max": 0.38086987277706585,
        "nauc_ndcg_at_20_std": -0.6640647439311447,
        "nauc_ndcg_at_3_diff1": 0.7955426751150922,
        "nauc_ndcg_at_3_max": 0.3828685591732545,
        "nauc_ndcg_at_3_std": -0.6545397049056737,
        "nauc_ndcg_at_5_diff1": 0.7823079756947661,
        "nauc_ndcg_at_5_max": 0.3714904859616831,
        "nauc_ndcg_at_5_std": -0.6606449938626456,
        "nauc_precision_at_1000_diff1": 0.7222222222221585,
        "nauc_precision_at_1000_max": 1.0,
        "nauc_precision_at_1000_std": 1.0,
        "nauc_precision_at_100_diff1": 0.5876377217553705,
        "nauc_precision_at_100_max": 0.6197945845004736,
        "nauc_precision_at_100_std": -0.3491316526610647,
        "nauc_precision_at_10_diff1": 0.7031447714837008,
        "nauc_precision_at_10_max": 0.3641024194055984,
        "nauc_precision_at_10_std": -0.7166428278417227,
        "nauc_precision_at_1_diff1": 0.8237625872158143,
        "nauc_precision_at_1_max": 0.38296826081967866,
        "nauc_precision_at_1_std": -0.6330789026515792,
        "nauc_precision_at_20_diff1": 0.6421614977307107,
        "nauc_precision_at_20_max": 0.39616652258482743,
        "nauc_precision_at_20_std": -0.7328317484331117,
        "nauc_precision_at_3_diff1": 0.7714730489206796,
        "nauc_precision_at_3_max": 0.3821401200664201,
        "nauc_precision_at_3_std": -0.6740180738280743,
        "nauc_precision_at_5_diff1": 0.7322715487591928,
        "nauc_precision_at_5_max": 0.3505864507822277,
        "nauc_precision_at_5_std": -0.6913769687990553,
        "nauc_recall_at_1000_diff1": 0.7222222222222368,
        "nauc_recall_at_1000_max": 1.0,
        "nauc_recall_at_1000_std": 1.0,
        "nauc_recall_at_100_diff1": 0.5876377217553719,
        "nauc_recall_at_100_max": 0.6197945845004663,
        "nauc_recall_at_100_std": -0.3491316526610594,
        "nauc_recall_at_10_diff1": 0.703144771483701,
        "nauc_recall_at_10_max": 0.3641024194055993,
        "nauc_recall_at_10_std": -0.7166428278417224,
        "nauc_recall_at_1_diff1": 0.8237625872158143,
        "nauc_recall_at_1_max": 0.38296826081967866,
        "nauc_recall_at_1_std": -0.6330789026515792,
        "nauc_recall_at_20_diff1": 0.6421614977307102,
        "nauc_recall_at_20_max": 0.3961665225848281,
        "nauc_recall_at_20_std": -0.7328317484331089,
        "nauc_recall_at_3_diff1": 0.7714730489206794,
        "nauc_recall_at_3_max": 0.38214012006642,
        "nauc_recall_at_3_std": -0.6740180738280753,
        "nauc_recall_at_5_diff1": 0.7322715487591936,
        "nauc_recall_at_5_max": 0.3505864507822285,
        "nauc_recall_at_5_std": -0.6913769687990545,
        "ndcg_at_1": 0.524,
        "ndcg_at_10": 0.63456,
        "ndcg_at_100": 0.68141,
        "ndcg_at_1000": 0.68475,
        "ndcg_at_20": 0.65863,
        "ndcg_at_3": 0.59103,
        "ndcg_at_5": 0.61169,
        "precision_at_1": 0.524,
        "precision_at_10": 0.0761,
        "precision_at_100": 0.00975,
        "precision_at_1000": 0.001,
        "precision_at_20": 0.0428,
        "precision_at_3": 0.21333,
        "precision_at_5": 0.138,
        "recall_at_1": 0.524,
        "recall_at_10": 0.761,
        "recall_at_100": 0.975,
        "recall_at_1000": 0.999,
        "recall_at_20": 0.856,
        "recall_at_3": 0.64,
        "recall_at_5": 0.69
      }
    ]
  },
  "task_name": "KorMarketReportRetrieval"
}