{
  "dataset_revision": "main",
  "evaluation_time": 2.9024085998535156,
  "kg_co2_emissions": null,
  "mteb_version": "1.12.49",
  "scores": {
    "train": [
      {
        "hf_subset": "default",
        "languages": [
          "kor-Hang"
        ],
        "main_score": 0.66144,
        "map_at_1": 0.548,
        "map_at_10": 0.62085,
        "map_at_100": 0.62968,
        "map_at_1000": 0.62984,
        "map_at_20": 0.6267,
        "map_at_3": 0.59917,
        "map_at_5": 0.61197,
        "mrr_at_1": 0.548,
        "mrr_at_10": 0.6208492063492064,
        "mrr_at_100": 0.6296845244316941,
        "mrr_at_1000": 0.629836654414009,
        "mrr_at_20": 0.6266953835122568,
        "mrr_at_3": 0.5991666666666665,
        "mrr_at_5": 0.6119666666666664,
        "nauc_map_at_1000_diff1": 0.7984522633668713,
        "nauc_map_at_1000_max": 0.4384934318767919,
        "nauc_map_at_1000_std": -0.6579108205254385,
        "nauc_map_at_100_diff1": 0.7984168475466801,
        "nauc_map_at_100_max": 0.43859933088824216,
        "nauc_map_at_100_std": -0.657748580890087,
        "nauc_map_at_10_diff1": 0.7954070685684297,
        "nauc_map_at_10_max": 0.43624576639692036,
        "nauc_map_at_10_std": -0.6618796658091468,
        "nauc_map_at_1_diff1": 0.8285417635816407,
        "nauc_map_at_1_max": 0.45289792120882566,
        "nauc_map_at_1_std": -0.622889121796201,
        "nauc_map_at_20_diff1": 0.7968844430242493,
        "nauc_map_at_20_max": 0.4381359485499235,
        "nauc_map_at_20_std": -0.6597586909851522,
        "nauc_map_at_3_diff1": 0.8052901989975434,
        "nauc_map_at_3_max": 0.4408772812916197,
        "nauc_map_at_3_std": -0.6462038830442244,
        "nauc_map_at_5_diff1": 0.7976296842603472,
        "nauc_map_at_5_max": 0.43330641890762245,
        "nauc_map_at_5_std": -0.6597885289724922,
        "nauc_mrr_at_1000_diff1": 0.7984522633668713,
        "nauc_mrr_at_1000_max": 0.4384934318767919,
        "nauc_mrr_at_1000_std": -0.6579108205254385,
        "nauc_mrr_at_100_diff1": 0.7984168475466801,
        "nauc_mrr_at_100_max": 0.43859933088824216,
        "nauc_mrr_at_100_std": -0.657748580890087,
        "nauc_mrr_at_10_diff1": 0.7954070685684297,
        "nauc_mrr_at_10_max": 0.43624576639692036,
        "nauc_mrr_at_10_std": -0.6618796658091468,
        "nauc_mrr_at_1_diff1": 0.8285417635816407,
        "nauc_mrr_at_1_max": 0.45289792120882566,
        "nauc_mrr_at_1_std": -0.622889121796201,
        "nauc_mrr_at_20_diff1": 0.7968844430242493,
        "nauc_mrr_at_20_max": 0.4381359485499235,
        "nauc_mrr_at_20_std": -0.6597586909851522,
        "nauc_mrr_at_3_diff1": 0.8052901989975434,
        "nauc_mrr_at_3_max": 0.4408772812916197,
        "nauc_mrr_at_3_std": -0.6462038830442244,
        "nauc_mrr_at_5_diff1": 0.7976296842603472,
        "nauc_mrr_at_5_max": 0.43330641890762245,
        "nauc_mrr_at_5_std": -0.6597885289724922,
        "nauc_ndcg_at_1000_diff1": 0.7911725567608192,
        "nauc_ndcg_at_1000_max": 0.4369490388256044,
        "nauc_ndcg_at_1000_std": -0.6649229018415577,
        "nauc_ndcg_at_100_diff1": 0.790498487068502,
        "nauc_ndcg_at_100_max": 0.43929197566017403,
        "nauc_ndcg_at_100_std": -0.6611639932572921,
        "nauc_ndcg_at_10_diff1": 0.7748860033273746,
        "nauc_ndcg_at_10_max": 0.42822696087447004,
        "nauc_ndcg_at_10_std": -0.6883029903794621,
        "nauc_ndcg_at_1_diff1": 0.8285417635816407,
        "nauc_ndcg_at_1_max": 0.45289792120882566,
        "nauc_ndcg_at_1_std": -0.622889121796201,
        "nauc_ndcg_at_20_diff1": 0.7790194815058584,
        "nauc_ndcg_at_20_max": 0.43542550991140544,
        "nauc_ndcg_at_20_std": -0.6793877976403482,
        "nauc_ndcg_at_3_diff1": 0.7959669022829426,
        "nauc_ndcg_at_3_max": 0.43564060408823757,
        "nauc_ndcg_at_3_std": -0.6551520198356011,
        "nauc_ndcg_at_5_diff1": 0.7812236779172095,
        "nauc_ndcg_at_5_max": 0.42114087182194115,
        "nauc_ndcg_at_5_std": -0.6813178425436348,
        "nauc_precision_at_1000_diff1": 0.35807656395873844,
        "nauc_precision_at_1000_max": 1.0,
        "nauc_precision_at_1000_std": 1.0,
        "nauc_precision_at_100_diff1": 0.7139589169000895,
        "nauc_precision_at_100_max": 0.6569561157796338,
        "nauc_precision_at_100_std": -0.2700513538749018,
        "nauc_precision_at_10_diff1": 0.6775221264568948,
        "nauc_precision_at_10_max": 0.3935649239844269,
        "nauc_precision_at_10_std": -0.8155376360955098,
        "nauc_precision_at_1_diff1": 0.8285417635816407,
        "nauc_precision_at_1_max": 0.45289792120882566,
        "nauc_precision_at_1_std": -0.622889121796201,
        "nauc_precision_at_20_diff1": 0.652670098853059,
        "nauc_precision_at_20_max": 0.43199472986763626,
        "nauc_precision_at_20_std": -0.8076515924634081,
        "nauc_precision_at_3_diff1": 0.765444692488754,
        "nauc_precision_at_3_max": 0.4183724396544168,
        "nauc_precision_at_3_std": -0.6843263348867945,
        "nauc_precision_at_5_diff1": 0.7191624257681877,
        "nauc_precision_at_5_max": 0.37436193462194783,
        "nauc_precision_at_5_std": -0.7639273937587366,
        "nauc_recall_at_1000_diff1": 0.3580765639589976,
        "nauc_recall_at_1000_max": 1.0,
        "nauc_recall_at_1000_std": 1.0,
        "nauc_recall_at_100_diff1": 0.7139589169000959,
        "nauc_recall_at_100_max": 0.6569561157796494,
        "nauc_recall_at_100_std": -0.2700513538748833,
        "nauc_recall_at_10_diff1": 0.6775221264568947,
        "nauc_recall_at_10_max": 0.3935649239844273,
        "nauc_recall_at_10_std": -0.8155376360955107,
        "nauc_recall_at_1_diff1": 0.8285417635816407,
        "nauc_recall_at_1_max": 0.45289792120882566,
        "nauc_recall_at_1_std": -0.622889121796201,
        "nauc_recall_at_20_diff1": 0.6526700988530608,
        "nauc_recall_at_20_max": 0.4319947298676379,
        "nauc_recall_at_20_std": -0.8076515924634059,
        "nauc_recall_at_3_diff1": 0.7654446924887535,
        "nauc_recall_at_3_max": 0.4183724396544165,
        "nauc_recall_at_3_std": -0.6843263348867955,
        "nauc_recall_at_5_diff1": 0.7191624257681879,
        "nauc_recall_at_5_max": 0.3743619346219487,
        "nauc_recall_at_5_std": -0.7639273937587352,
        "ndcg_at_1": 0.548,
        "ndcg_at_10": 0.66144,
        "ndcg_at_100": 0.70274,
        "ndcg_at_1000": 0.70544,
        "ndcg_at_20": 0.68254,
        "ndcg_at_3": 0.61677,
        "ndcg_at_5": 0.63984,
        "precision_at_1": 0.548,
        "precision_at_10": 0.0791,
        "precision_at_100": 0.0098,
        "precision_at_1000": 0.001,
        "precision_at_20": 0.0437,
        "precision_at_3": 0.22267,
        "precision_at_5": 0.1448,
        "recall_at_1": 0.548,
        "recall_at_10": 0.791,
        "recall_at_100": 0.98,
        "recall_at_1000": 0.999,
        "recall_at_20": 0.874,
        "recall_at_3": 0.668,
        "recall_at_5": 0.724
      }
    ]
  },
  "task_name": "KorNewsRetrieval"
}