{
  "dataset_revision": "main",
  "evaluation_time": 3.313234567642212,
  "kg_co2_emissions": null,
  "mteb_version": "1.12.49",
  "scores": {
    "train": [
      {
        "hf_subset": "default",
        "languages": [
          "kor-Hang"
        ],
        "main_score": 0.75383,
        "map_at_1": 0.674,
        "map_at_10": 0.72699,
        "map_at_100": 0.73286,
        "map_at_1000": 0.73302,
        "map_at_20": 0.73057,
        "map_at_3": 0.713,
        "map_at_5": 0.721,
        "mrr_at_1": 0.674,
        "mrr_at_10": 0.7269880952380956,
        "mrr_at_100": 0.7328557172896312,
        "mrr_at_1000": 0.7330225261431672,
        "mrr_at_20": 0.7305729057878829,
        "mrr_at_3": 0.7130000000000002,
        "mrr_at_5": 0.7210000000000004,
        "nauc_map_at_1000_diff1": 0.8546217035440921,
        "nauc_map_at_1000_max": 0.41856590790118237,
        "nauc_map_at_1000_std": -0.7852122914710077,
        "nauc_map_at_100_diff1": 0.8545104672689859,
        "nauc_map_at_100_max": 0.41838003564431225,
        "nauc_map_at_100_std": -0.7852496598464319,
        "nauc_map_at_10_diff1": 0.8533523392335242,
        "nauc_map_at_10_max": 0.419026101501997,
        "nauc_map_at_10_std": -0.7861577144615042,
        "nauc_map_at_1_diff1": 0.8813711469344426,
        "nauc_map_at_1_max": 0.4222611705195903,
        "nauc_map_at_1_std": -0.7516084660780051,
        "nauc_map_at_20_diff1": 0.8535145050786808,
        "nauc_map_at_20_max": 0.4183639245523666,
        "nauc_map_at_20_std": -0.7847849162647014,
        "nauc_map_at_3_diff1": 0.8602924584220393,
        "nauc_map_at_3_max": 0.42460842012235644,
        "nauc_map_at_3_std": -0.7916007459801729,
        "nauc_map_at_5_diff1": 0.8538282622140958,
        "nauc_map_at_5_max": 0.42135356632357246,
        "nauc_map_at_5_std": -0.7899218624802822,
        "nauc_mrr_at_1000_diff1": 0.8546217035440921,
        "nauc_mrr_at_1000_max": 0.41856590790118237,
        "nauc_mrr_at_1000_std": -0.7852122914710077,
        "nauc_mrr_at_100_diff1": 0.8545104672689859,
        "nauc_mrr_at_100_max": 0.41838003564431225,
        "nauc_mrr_at_100_std": -0.7852496598464319,
        "nauc_mrr_at_10_diff1": 0.8533523392335242,
        "nauc_mrr_at_10_max": 0.419026101501997,
        "nauc_mrr_at_10_std": -0.7861577144615042,
        "nauc_mrr_at_1_diff1": 0.8813711469344426,
        "nauc_mrr_at_1_max": 0.4222611705195903,
        "nauc_mrr_at_1_std": -0.7516084660780051,
        "nauc_mrr_at_20_diff1": 0.8535145050786808,
        "nauc_mrr_at_20_max": 0.4183639245523666,
        "nauc_mrr_at_20_std": -0.7847849162647014,
        "nauc_mrr_at_3_diff1": 0.8602924584220393,
        "nauc_mrr_at_3_max": 0.42460842012235644,
        "nauc_mrr_at_3_std": -0.7916007459801729,
        "nauc_mrr_at_5_diff1": 0.8538282622140958,
        "nauc_mrr_at_5_max": 0.42135356632357246,
        "nauc_mrr_at_5_std": -0.7899218624802822,
        "nauc_ndcg_at_1000_diff1": 0.8484649899599374,
        "nauc_ndcg_at_1000_max": 0.4154197324553141,
        "nauc_ndcg_at_1000_std": -0.7879631289187377,
        "nauc_ndcg_at_100_diff1": 0.845902872600743,
        "nauc_ndcg_at_100_max": 0.4107566886367292,
        "nauc_ndcg_at_100_std": -0.7886257391913158,
        "nauc_ndcg_at_10_diff1": 0.8386813903363464,
        "nauc_ndcg_at_10_max": 0.41343048276053107,
        "nauc_ndcg_at_10_std": -0.7923998337912986,
        "nauc_ndcg_at_1_diff1": 0.8813711469344426,
        "nauc_ndcg_at_1_max": 0.4222611705195903,
        "nauc_ndcg_at_1_std": -0.7516084660780051,
        "nauc_ndcg_at_20_diff1": 0.8383993040476435,
        "nauc_ndcg_at_20_max": 0.4106289873657016,
        "nauc_ndcg_at_20_std": -0.7869234944044405,
        "nauc_ndcg_at_3_diff1": 0.8529007252652637,
        "nauc_ndcg_at_3_max": 0.42424790368074594,
        "nauc_ndcg_at_3_std": -0.8061809964227219,
        "nauc_ndcg_at_5_diff1": 0.8402791889361644,
        "nauc_ndcg_at_5_max": 0.4181847156022617,
        "nauc_ndcg_at_5_std": -0.8027557383345741,
        "nauc_precision_at_1000_diff1": 1.0,
        "nauc_precision_at_1000_max": 1.0,
        "nauc_precision_at_1000_std": 0.35807656395873844,
        "nauc_precision_at_100_diff1": 0.7281746031746051,
        "nauc_precision_at_100_max": 0.2054655195411511,
        "nauc_precision_at_100_std": -0.7759770574896693,
        "nauc_precision_at_10_diff1": 0.7701277068295377,
        "nauc_precision_at_10_max": 0.38600655313592597,
        "nauc_precision_at_10_std": -0.8107461666595481,
        "nauc_precision_at_1_diff1": 0.8813711469344426,
        "nauc_precision_at_1_max": 0.4222611705195903,
        "nauc_precision_at_1_std": -0.7516084660780051,
        "nauc_precision_at_20_diff1": 0.7386581109985357,
        "nauc_precision_at_20_max": 0.3544324076238951,
        "nauc_precision_at_20_std": -0.7767169788446397,
        "nauc_precision_at_3_diff1": 0.8286041994105564,
        "nauc_precision_at_3_max": 0.4226381819083406,
        "nauc_precision_at_3_std": -0.8543055923868157,
        "nauc_precision_at_5_diff1": 0.788694646091359,
        "nauc_precision_at_5_max": 0.4051801153089464,
        "nauc_precision_at_5_std": -0.8482359488578955,
        "nauc_recall_at_1000_diff1": 1.0,
        "nauc_recall_at_1000_max": 1.0,
        "nauc_recall_at_1000_std": 0.3580765639589976,
        "nauc_recall_at_100_diff1": 0.7281746031746036,
        "nauc_recall_at_100_max": 0.20546551954114964,
        "nauc_recall_at_100_std": -0.775977057489667,
        "nauc_recall_at_10_diff1": 0.7701277068295398,
        "nauc_recall_at_10_max": 0.3860065531359266,
        "nauc_recall_at_10_std": -0.8107461666595477,
        "nauc_recall_at_1_diff1": 0.8813711469344426,
        "nauc_recall_at_1_max": 0.4222611705195903,
        "nauc_recall_at_1_std": -0.7516084660780051,
        "nauc_recall_at_20_diff1": 0.7386581109985381,
        "nauc_recall_at_20_max": 0.35443240762389644,
        "nauc_recall_at_20_std": -0.7767169788446388,
        "nauc_recall_at_3_diff1": 0.8286041994105561,
        "nauc_recall_at_3_max": 0.42263818190833996,
        "nauc_recall_at_3_std": -0.8543055923868167,
        "nauc_recall_at_5_diff1": 0.7886946460913582,
        "nauc_recall_at_5_max": 0.40518011530894665,
        "nauc_recall_at_5_std": -0.8482359488578951,
        "ndcg_at_1": 0.674,
        "ndcg_at_10": 0.75383,
        "ndcg_at_100": 0.78238,
        "ndcg_at_1000": 0.78602,
        "ndcg_at_20": 0.76695,
        "ndcg_at_3": 0.72488,
        "ndcg_at_5": 0.7393,
        "precision_at_1": 0.674,
        "precision_at_10": 0.0839,
        "precision_at_100": 0.00972,
        "precision_at_1000": 0.001,
        "precision_at_20": 0.04455,
        "precision_at_3": 0.253,
        "precision_at_5": 0.1588,
        "recall_at_1": 0.674,
        "recall_at_10": 0.839,
        "recall_at_100": 0.972,
        "recall_at_1000": 0.999,
        "recall_at_20": 0.891,
        "recall_at_3": 0.759,
        "recall_at_5": 0.794
      }
    ]
  },
  "task_name": "KorTATQARetrieval"
}