{
  "dataset_revision": "09e270b1afe87a65dd41c6292e3c8905220bc290",
  "evaluation_time": 0.6629781723022461,
  "kg_co2_emissions": null,
  "mteb_version": "1.12.49",
  "scores": {
    "test": [
      {
        "cosine_pearson": 0.17856826705552437,
        "cosine_spearman": 0.19085579238812314,
        "euclidean_pearson": 0.1872520885376313,
        "euclidean_spearman": 0.19085579238812314,
        "hf_subset": "default",
        "languages": [
          "eng-Latn"
        ],
        "main_score": 0.19085579238812314,
        "manhattan_pearson": 0.1856667045922036,
        "manhattan_spearman": 0.1897344604526074,
        "pearson": [
          0.17856831737175424,
          0.000558545420072895
        ],
        "spearman": [
          0.19085579238812314,
          0.00022183101495443087
        ]
      }
    ]
  },
  "task_name": "FinSTS"
}