{
  "dataset_revision": "main",
  "evaluation_time": 2.4533729553222656,
  "kg_co2_emissions": null,
  "mteb_version": "1.12.49",
  "scores": {
    "train": [
      {
        "hf_subset": "default",
        "languages": [
          "kor-Hang"
        ],
        "main_score": 0.03207,
        "map_at_1": 0.016,
        "map_at_10": 0.02566,
        "map_at_100": 0.03016,
        "map_at_1000": 0.03245,
        "map_at_20": 0.02789,
        "map_at_3": 0.02117,
        "map_at_5": 0.02392,
        "mrr_at_1": 0.016,
        "mrr_at_10": 0.02565515873015873,
        "mrr_at_100": 0.030164402365016305,
        "mrr_at_1000": 0.03245263224510286,
        "mrr_at_20": 0.027889140288675895,
        "mrr_at_3": 0.021166666666666667,
        "mrr_at_5": 0.023916666666666666,
        "nauc_map_at_1000_diff1": 0.30414717885518355,
        "nauc_map_at_1000_max": 0.1882782576303382,
        "nauc_map_at_1000_std": -0.01023229601645208,
        "nauc_map_at_100_diff1": 0.3045602203332372,
        "nauc_map_at_100_max": 0.1897519107547223,
        "nauc_map_at_100_std": -0.01078258222375676,
        "nauc_map_at_10_diff1": 0.3765575117805441,
        "nauc_map_at_10_max": 0.2008423490237529,
        "nauc_map_at_10_std": -0.03180301713424249,
        "nauc_map_at_1_diff1": 0.553461228870405,
        "nauc_map_at_1_max": 0.2036155084518379,
        "nauc_map_at_1_std": -0.14309431177891072,
        "nauc_map_at_20_diff1": 0.3285159120543688,
        "nauc_map_at_20_max": 0.191529854051701,
        "nauc_map_at_20_std": -0.024364079932580343,
        "nauc_map_at_3_diff1": 0.4647422828518857,
        "nauc_map_at_3_max": 0.19441656860238865,
        "nauc_map_at_3_std": -0.0987769606341467,
        "nauc_map_at_5_diff1": 0.40510503912965834,
        "nauc_map_at_5_max": 0.19620118375280118,
        "nauc_map_at_5_std": -0.0685338835449759,
        "nauc_mrr_at_1000_diff1": 0.30414717885518355,
        "nauc_mrr_at_1000_max": 0.1882782576303382,
        "nauc_mrr_at_1000_std": -0.01023229601645208,
        "nauc_mrr_at_100_diff1": 0.3045602203332372,
        "nauc_mrr_at_100_max": 0.1897519107547223,
        "nauc_mrr_at_100_std": -0.01078258222375676,
        "nauc_mrr_at_10_diff1": 0.3765575117805441,
        "nauc_mrr_at_10_max": 0.2008423490237529,
        "nauc_mrr_at_10_std": -0.03180301713424249,
        "nauc_mrr_at_1_diff1": 0.553461228870405,
        "nauc_mrr_at_1_max": 0.2036155084518379,
        "nauc_mrr_at_1_std": -0.14309431177891072,
        "nauc_mrr_at_20_diff1": 0.3285159120543688,
        "nauc_mrr_at_20_max": 0.191529854051701,
        "nauc_mrr_at_20_std": -0.024364079932580343,
        "nauc_mrr_at_3_diff1": 0.4647422828518857,
        "nauc_mrr_at_3_max": 0.19441656860238865,
        "nauc_mrr_at_3_std": -0.0987769606341467,
        "nauc_mrr_at_5_diff1": 0.40510503912965834,
        "nauc_mrr_at_5_max": 0.19620118375280118,
        "nauc_mrr_at_5_std": -0.0685338835449759,
        "nauc_ndcg_at_1000_diff1": 0.18936952691229053,
        "nauc_ndcg_at_1000_max": 0.17624609644516853,
        "nauc_ndcg_at_1000_std": 0.04737624057218856,
        "nauc_ndcg_at_100_diff1": 0.13531861064167092,
        "nauc_ndcg_at_100_max": 0.1776432315498485,
        "nauc_ndcg_at_100_std": 0.06860835083558467,
        "nauc_ndcg_at_10_diff1": 0.3025533603753472,
        "nauc_ndcg_at_10_max": 0.2080342981795841,
        "nauc_ndcg_at_10_std": 0.025537035101068008,
        "nauc_ndcg_at_1_diff1": 0.553461228870405,
        "nauc_ndcg_at_1_max": 0.2036155084518379,
        "nauc_ndcg_at_1_std": -0.14309431177891072,
        "nauc_ndcg_at_20_diff1": 0.19676332042034556,
        "nauc_ndcg_at_20_max": 0.18618916669362814,
        "nauc_ndcg_at_20_std": 0.036627210984474357,
        "nauc_ndcg_at_3_diff1": 0.4388158844191437,
        "nauc_ndcg_at_3_max": 0.19704537163236646,
        "nauc_ndcg_at_3_std": -0.08167634985034518,
        "nauc_ndcg_at_5_diff1": 0.35106303398168215,
        "nauc_ndcg_at_5_max": 0.20014732330525686,
        "nauc_ndcg_at_5_std": -0.03841479577828972,
        "nauc_precision_at_1000_diff1": 0.7222222222221585,
        "nauc_precision_at_1000_max": 0.35807656395873844,
        "nauc_precision_at_1000_std": 0.55415499533131,
        "nauc_precision_at_100_diff1": -0.000533546752034221,
        "nauc_precision_at_100_max": 0.164020038395105,
        "nauc_precision_at_100_std": 0.12791783380018681,
        "nauc_precision_at_10_diff1": 0.18313074909761026,
        "nauc_precision_at_10_max": 0.22052234839088566,
        "nauc_precision_at_10_std": 0.11963691774961911,
        "nauc_precision_at_1_diff1": 0.553461228870405,
        "nauc_precision_at_1_max": 0.2036155084518379,
        "nauc_precision_at_1_std": -0.14309431177891072,
        "nauc_precision_at_20_diff1": 0.031013747060401844,
        "nauc_precision_at_20_max": 0.17810887166779776,
        "nauc_precision_at_20_std": 0.10873908994775815,
        "nauc_precision_at_3_diff1": 0.38068726283107823,
        "nauc_precision_at_3_max": 0.20397485530300125,
        "nauc_precision_at_3_std": -0.04252750201234236,
        "nauc_precision_at_5_diff1": 0.24951033002414816,
        "nauc_precision_at_5_max": 0.20843842232358473,
        "nauc_precision_at_5_std": 0.018137912530185214,
        "nauc_recall_at_1000_diff1": 0.7222222222222368,
        "nauc_recall_at_1000_max": 0.3580765639589976,
        "nauc_recall_at_1000_std": 0.554154995331521,
        "nauc_recall_at_100_diff1": -0.0005335467520341839,
        "nauc_recall_at_100_max": 0.16402003839510498,
        "nauc_recall_at_100_std": 0.12791783380018676,
        "nauc_recall_at_10_diff1": 0.18313074909760998,
        "nauc_recall_at_10_max": 0.2205223483908855,
        "nauc_recall_at_10_std": 0.11963691774961895,
        "nauc_recall_at_1_diff1": 0.553461228870405,
        "nauc_recall_at_1_max": 0.2036155084518379,
        "nauc_recall_at_1_std": -0.14309431177891072,
        "nauc_recall_at_20_diff1": 0.031013747060401754,
        "nauc_recall_at_20_max": 0.17810887166779776,
        "nauc_recall_at_20_std": 0.10873908994775797,
        "nauc_recall_at_3_diff1": 0.38068726283107823,
        "nauc_recall_at_3_max": 0.20397485530300122,
        "nauc_recall_at_3_std": -0.04252750201234239,
        "nauc_recall_at_5_diff1": 0.249510330024148,
        "nauc_recall_at_5_max": 0.20843842232358462,
        "nauc_recall_at_5_std": 0.01813791253018511,
        "ndcg_at_1": 0.016,
        "ndcg_at_10": 0.03207,
        "ndcg_at_100": 0.05868,
        "ndcg_at_1000": 0.15204,
        "ndcg_at_20": 0.04018,
        "ndcg_at_3": 0.02292,
        "ndcg_at_5": 0.02787,
        "precision_at_1": 0.016,
        "precision_at_10": 0.0053,
        "precision_at_100": 0.00189,
        "precision_at_1000": 0.001,
        "precision_at_20": 0.00425,
        "precision_at_3": 0.00933,
        "precision_at_5": 0.008,
        "recall_at_1": 0.016,
        "recall_at_10": 0.053,
        "recall_at_100": 0.189,
        "recall_at_1000": 0.999,
        "recall_at_20": 0.085,
        "recall_at_3": 0.028,
        "recall_at_5": 0.04
      }
    ]
  },
  "task_name": "KorBoKDictRetrieval"
}