{
  "dataset_revision": "main",
  "evaluation_time": 0.8939955234527588,
  "kg_co2_emissions": null,
  "mteb_version": "1.12.49",
  "scores": {
    "test": [
      {
        "cosine_pearson": -0.03734794163518991,
        "cosine_spearman": -0.018865373060254605,
        "euclidean_pearson": -0.03546949867718522,
        "euclidean_spearman": -0.018865373060254605,
        "hf_subset": "default",
        "languages": [
          "eng-Latn",
          "kor-Hang",
          "zho-Hans"
        ],
        "main_score": -0.018865373060254605,
        "manhattan_pearson": -0.03511395918526034,
        "manhattan_spearman": -0.019314548609308285,
        "pearson": [
          -0.03734800667388305,
          0.5351746224519255
        ],
        "spearman": [
          -0.018865373060254605,
          0.7541596916971008
        ]
      }
    ]
  },
  "task_name": "KorFinSTS"
}