{
  "dataset_revision": "main",
  "evaluation_time": 5.421024322509766,
  "kg_co2_emissions": null,
  "mteb_version": "1.12.49",
  "scores": {
    "train": [
      {
        "cosine_pearson": -0.029809178720618588,
        "cosine_spearman": -0.18371620368726674,
        "euclidean_pearson": -0.1658961370586558,
        "euclidean_spearman": -0.1837162036172733,
        "hf_subset": "default",
        "languages": [
          "kor-Hang"
        ],
        "main_score": -0.18371620368726674,
        "manhattan_pearson": -0.1655541644721823,
        "manhattan_spearman": -0.18339102017952463,
        "pearson": [
          -0.02980917093326219,
          0.1836619948777049
        ],
        "spearman": [
          -0.1838014562850779,
          1.3770971081776521e-16
        ]
      }
    ]
  },
  "task_name": "KorFinSTS"
}