{
  "dataset_revision": "main",
  "evaluation_time": 2.3124747276306152,
  "kg_co2_emissions": null,
  "mteb_version": "1.12.49",
  "scores": {
    "train": [
      {
        "hf_subset": "default",
        "languages": [
          "kor-Hang"
        ],
        "main_score": 0.03243,
        "map_at_1": 0.011,
        "map_at_10": 0.02409,
        "map_at_100": 0.02862,
        "map_at_1000": 0.03088,
        "map_at_20": 0.02575,
        "map_at_3": 0.0195,
        "map_at_5": 0.0212,
        "mrr_at_1": 0.011,
        "mrr_at_10": 0.024086507936507934,
        "mrr_at_100": 0.02861768854858373,
        "mrr_at_1000": 0.03088026490219365,
        "mrr_at_20": 0.025752320937576356,
        "mrr_at_3": 0.019500000000000003,
        "mrr_at_5": 0.0212,
        "nauc_map_at_1000_diff1": 0.1639803846149748,
        "nauc_map_at_1000_max": 0.3217043178407474,
        "nauc_map_at_1000_std": 0.012209161110212164,
        "nauc_map_at_100_diff1": 0.16410856940619195,
        "nauc_map_at_100_max": 0.3223067384341129,
        "nauc_map_at_100_std": 0.011049330246810183,
        "nauc_map_at_10_diff1": 0.1721031877764587,
        "nauc_map_at_10_max": 0.33522164826052786,
        "nauc_map_at_10_std": -0.009881560919736973,
        "nauc_map_at_1_diff1": 0.36451447666902476,
        "nauc_map_at_1_max": 0.3814913286338026,
        "nauc_map_at_1_std": -0.10381247408346943,
        "nauc_map_at_20_diff1": 0.1729994518040777,
        "nauc_map_at_20_max": 0.33657633304981216,
        "nauc_map_at_20_std": 0.002821445369341893,
        "nauc_map_at_3_diff1": 0.23869476378196536,
        "nauc_map_at_3_max": 0.36568904666570357,
        "nauc_map_at_3_std": -0.02467097342332119,
        "nauc_map_at_5_diff1": 0.2003527294449986,
        "nauc_map_at_5_max": 0.3572046919217743,
        "nauc_map_at_5_std": -0.019134338407642344,
        "nauc_mrr_at_1000_diff1": 0.1639803846149748,
        "nauc_mrr_at_1000_max": 0.3217043178407474,
        "nauc_mrr_at_1000_std": 0.012209161110212164,
        "nauc_mrr_at_100_diff1": 0.16410856940619195,
        "nauc_mrr_at_100_max": 0.3223067384341129,
        "nauc_mrr_at_100_std": 0.011049330246810183,
        "nauc_mrr_at_10_diff1": 0.1721031877764587,
        "nauc_mrr_at_10_max": 0.33522164826052786,
        "nauc_mrr_at_10_std": -0.009881560919736973,
        "nauc_mrr_at_1_diff1": 0.36451447666902476,
        "nauc_mrr_at_1_max": 0.3814913286338026,
        "nauc_mrr_at_1_std": -0.10381247408346943,
        "nauc_mrr_at_20_diff1": 0.1729994518040777,
        "nauc_mrr_at_20_max": 0.33657633304981216,
        "nauc_mrr_at_20_std": 0.002821445369341893,
        "nauc_mrr_at_3_diff1": 0.23869476378196536,
        "nauc_mrr_at_3_max": 0.36568904666570357,
        "nauc_mrr_at_3_std": -0.02467097342332119,
        "nauc_mrr_at_5_diff1": 0.2003527294449986,
        "nauc_mrr_at_5_max": 0.3572046919217743,
        "nauc_mrr_at_5_std": -0.019134338407642344,
        "nauc_ndcg_at_1000_diff1": 0.12098659314198809,
        "nauc_ndcg_at_1000_max": 0.28644685476019205,
        "nauc_ndcg_at_1000_std": 0.048096086127183794,
        "nauc_ndcg_at_100_diff1": 0.1071402006845769,
        "nauc_ndcg_at_100_max": 0.2715409492460432,
        "nauc_ndcg_at_100_std": 0.0638192005337262,
        "nauc_ndcg_at_10_diff1": 0.11872959077320284,
        "nauc_ndcg_at_10_max": 0.31163534882181465,
        "nauc_ndcg_at_10_std": 0.01140707795430384,
        "nauc_ndcg_at_1_diff1": 0.36451447666902476,
        "nauc_ndcg_at_1_max": 0.3814913286338026,
        "nauc_ndcg_at_1_std": -0.10381247408346943,
        "nauc_ndcg_at_20_diff1": 0.12943187359189773,
        "nauc_ndcg_at_20_max": 0.3190294562762694,
        "nauc_ndcg_at_20_std": 0.03869834943919831,
        "nauc_ndcg_at_3_diff1": 0.2174463640290755,
        "nauc_ndcg_at_3_max": 0.36717342947369974,
        "nauc_ndcg_at_3_std": -0.013845289515921658,
        "nauc_ndcg_at_5_diff1": 0.16339035760479195,
        "nauc_ndcg_at_5_max": 0.3533766717046146,
        "nauc_ndcg_at_5_std": -0.005936245298650178,
        "nauc_precision_at_1000_diff1": 0.12278244631162709,
        "nauc_precision_at_1000_max": 0.35807656395873844,
        "nauc_precision_at_1000_std": -1.1517273576102791,
        "nauc_precision_at_100_diff1": 0.06982246859431696,
        "nauc_precision_at_100_max": 0.22888012652739106,
        "nauc_precision_at_100_std": 0.1057202484379046,
        "nauc_precision_at_10_diff1": 0.046194436991324556,
        "nauc_precision_at_10_max": 0.27566854485287573,
        "nauc_precision_at_10_std": 0.041056256148823814,
        "nauc_precision_at_1_diff1": 0.36451447666902476,
        "nauc_precision_at_1_max": 0.3814913286338026,
        "nauc_precision_at_1_std": -0.10381247408346943,
        "nauc_precision_at_20_diff1": 0.08700894900487707,
        "nauc_precision_at_20_max": 0.2998216512255562,
        "nauc_precision_at_20_std": 0.08125759560599131,
        "nauc_precision_at_3_diff1": 0.17725605938645914,
        "nauc_precision_at_3_max": 0.37087917002057047,
        "nauc_precision_at_3_std": 0.006081745818799729,
        "nauc_precision_at_5_diff1": 0.09799200864400763,
        "nauc_precision_at_5_max": 0.34623166230356994,
        "nauc_precision_at_5_std": 0.016664370300002146,
        "nauc_recall_at_1000_diff1": 0.12278244631183893,
        "nauc_recall_at_1000_max": 0.3580765639589976,
        "nauc_recall_at_1000_std": -1.1517273576096938,
        "nauc_recall_at_100_diff1": 0.06982246859431686,
        "nauc_recall_at_100_max": 0.22888012652739081,
        "nauc_recall_at_100_std": 0.10572024843790444,
        "nauc_recall_at_10_diff1": 0.04619443699132461,
        "nauc_recall_at_10_max": 0.2756685448528755,
        "nauc_recall_at_10_std": 0.041056256148823994,
        "nauc_recall_at_1_diff1": 0.36451447666902476,
        "nauc_recall_at_1_max": 0.3814913286338026,
        "nauc_recall_at_1_std": -0.10381247408346943,
        "nauc_recall_at_20_diff1": 0.08700894900487695,
        "nauc_recall_at_20_max": 0.29982165122555593,
        "nauc_recall_at_20_std": 0.0812575956059912,
        "nauc_recall_at_3_diff1": 0.17725605938645927,
        "nauc_recall_at_3_max": 0.37087917002057075,
        "nauc_recall_at_3_std": 0.006081745818799848,
        "nauc_recall_at_5_diff1": 0.09799200864400762,
        "nauc_recall_at_5_max": 0.34623166230357005,
        "nauc_recall_at_5_std": 0.01666437030000226,
        "ndcg_at_1": 0.011,
        "ndcg_at_10": 0.03243,
        "ndcg_at_100": 0.06223,
        "ndcg_at_1000": 0.15259,
        "ndcg_at_20": 0.03866,
        "ndcg_at_3": 0.0222,
        "ndcg_at_5": 0.02517,
        "precision_at_1": 0.011,
        "precision_at_10": 0.006,
        "precision_at_100": 0.00218,
        "precision_at_1000": 0.001,
        "precision_at_20": 0.00425,
        "precision_at_3": 0.01,
        "precision_at_5": 0.0074,
        "recall_at_1": 0.011,
        "recall_at_10": 0.06,
        "recall_at_100": 0.218,
        "recall_at_1000": 0.999,
        "recall_at_20": 0.085,
        "recall_at_3": 0.03,
        "recall_at_5": 0.037
      }
    ]
  },
  "task_name": "KorFSSDictRetrieval"
}