{
  "dataset_revision": "main",
  "evaluation_time": 59.5425009727478,
  "kg_co2_emissions": null,
  "mteb_version": "1.12.49",
  "scores": {
    "test": [
      {
        "hf_subset": "default",
        "languages": [
          "kor-Hang"
        ],
        "main_score": 0.519956060077723,
        "map": 0.519956060077723,
        "mrr": 0.5177499779780342,
        "nAUC_map_diff1": 0.15129159311313567,
        "nAUC_map_max": 0.20572185859235967,
        "nAUC_map_std": 0.25717381493390407,
        "nAUC_mrr_diff1": 0.15059106127960808,
        "nAUC_mrr_max": 0.20632333717120782,
        "nAUC_mrr_std": 0.25815288506431505
      }
    ]
  },
  "task_name": "KorFiQA2018Reranking"
}