{
  "dataset_revision": "main",
  "evaluation_time": 1.6717228889465332,
  "kg_co2_emissions": null,
  "mteb_version": "1.12.49",
  "scores": {
    "test": [
      {
        "cosine_pearson": -0.09072828396330788,
        "cosine_spearman": -0.07946575585339574,
        "euclidean_pearson": -0.09315396035499851,
        "euclidean_spearman": -0.07946575585339574,
        "hf_subset": "default",
        "languages": [
          "kor-Hang"
        ],
        "main_score": -0.07946575585339574,
        "manhattan_pearson": -0.09164091056244646,
        "manhattan_spearman": -0.07697895828976978,
        "pearson": [
          -0.09072827805651673,
          0.04299361939504095
        ],
        "spearman": [
          -0.07946575006262613,
          0.07644485101536685
        ]
      }
    ]
  },
  "task_name": "KorFinSTS"
}