{
  "dataset_revision": "main",
  "evaluation_time": 2.649643898010254,
  "kg_co2_emissions": null,
  "mteb_version": "1.12.49",
  "scores": {
    "train": [
      {
        "hf_subset": "default",
        "languages": [
          "kor-Hang"
        ],
        "main_score": 0.14213,
        "map_at_1": 0.091,
        "map_at_10": 0.12265,
        "map_at_100": 0.12994,
        "map_at_1000": 0.13199,
        "map_at_20": 0.12538,
        "map_at_3": 0.11133,
        "map_at_5": 0.11773,
        "mrr_at_1": 0.091,
        "mrr_at_10": 0.12265039682539679,
        "mrr_at_100": 0.12993929292075132,
        "mrr_at_1000": 0.13198688152696672,
        "mrr_at_20": 0.12537757165005614,
        "mrr_at_3": 0.11133333333333328,
        "mrr_at_5": 0.1177333333333333,
        "nauc_map_at_1000_diff1": 0.44206192012728807,
        "nauc_map_at_1000_max": -0.061630576926148505,
        "nauc_map_at_1000_std": -0.3719106648639938,
        "nauc_map_at_100_diff1": 0.44118283551600374,
        "nauc_map_at_100_max": -0.061802342306112645,
        "nauc_map_at_100_std": -0.3719782415739131,
        "nauc_map_at_10_diff1": 0.4489706274231523,
        "nauc_map_at_10_max": -0.05831030408935942,
        "nauc_map_at_10_std": -0.3709933119681179,
        "nauc_map_at_1_diff1": 0.5262076265564327,
        "nauc_map_at_1_max": -0.05148942819991926,
        "nauc_map_at_1_std": -0.3765011484356803,
        "nauc_map_at_20_diff1": 0.44605066087185713,
        "nauc_map_at_20_max": -0.06038563425055403,
        "nauc_map_at_20_std": -0.3726585711916308,
        "nauc_map_at_3_diff1": 0.4711540733589429,
        "nauc_map_at_3_max": -0.05041359766677241,
        "nauc_map_at_3_std": -0.3751742663093011,
        "nauc_map_at_5_diff1": 0.4609902961403983,
        "nauc_map_at_5_max": -0.05438077521815502,
        "nauc_map_at_5_std": -0.3764502557098138,
        "nauc_mrr_at_1000_diff1": 0.44206192012728807,
        "nauc_mrr_at_1000_max": -0.061630576926148505,
        "nauc_mrr_at_1000_std": -0.3719106648639938,
        "nauc_mrr_at_100_diff1": 0.44118283551600374,
        "nauc_mrr_at_100_max": -0.061802342306112645,
        "nauc_mrr_at_100_std": -0.3719782415739131,
        "nauc_mrr_at_10_diff1": 0.4489706274231523,
        "nauc_mrr_at_10_max": -0.05831030408935942,
        "nauc_mrr_at_10_std": -0.3709933119681179,
        "nauc_mrr_at_1_diff1": 0.5262076265564327,
        "nauc_mrr_at_1_max": -0.05148942819991926,
        "nauc_mrr_at_1_std": -0.3765011484356803,
        "nauc_mrr_at_20_diff1": 0.44605066087185713,
        "nauc_mrr_at_20_max": -0.06038563425055403,
        "nauc_mrr_at_20_std": -0.3726585711916308,
        "nauc_mrr_at_3_diff1": 0.4711540733589429,
        "nauc_mrr_at_3_max": -0.05041359766677241,
        "nauc_mrr_at_3_std": -0.3751742663093011,
        "nauc_mrr_at_5_diff1": 0.4609902961403983,
        "nauc_mrr_at_5_max": -0.05438077521815502,
        "nauc_mrr_at_5_std": -0.3764502557098138,
        "nauc_ndcg_at_1000_diff1": 0.40746788637854053,
        "nauc_ndcg_at_1000_max": -0.07266274444443843,
        "nauc_ndcg_at_1000_std": -0.36827279288241166,
        "nauc_ndcg_at_100_diff1": 0.3771688863424249,
        "nauc_ndcg_at_100_max": -0.08445857951221786,
        "nauc_ndcg_at_100_std": -0.3695988438746162,
        "nauc_ndcg_at_10_diff1": 0.4156205511814723,
        "nauc_ndcg_at_10_max": -0.06606390782541584,
        "nauc_ndcg_at_10_std": -0.3649128999052153,
        "nauc_ndcg_at_1_diff1": 0.5262076265564327,
        "nauc_ndcg_at_1_max": -0.05148942819991926,
        "nauc_ndcg_at_1_std": -0.3765011484356803,
        "nauc_ndcg_at_20_diff1": 0.40656775400064127,
        "nauc_ndcg_at_20_max": -0.07288377197629489,
        "nauc_ndcg_at_20_std": -0.3713332331204937,
        "nauc_ndcg_at_3_diff1": 0.4554379592931612,
        "nauc_ndcg_at_3_max": -0.05132173512572403,
        "nauc_ndcg_at_3_std": -0.37504070930279354,
        "nauc_ndcg_at_5_diff1": 0.44055398964981396,
        "nauc_ndcg_at_5_max": -0.058154316668666564,
        "nauc_ndcg_at_5_std": -0.3775060721539355,
        "nauc_precision_at_1000_diff1": -1.1517273576102791,
        "nauc_precision_at_1000_max": 0.55415499533131,
        "nauc_precision_at_1000_std": 1.0,
        "nauc_precision_at_100_diff1": 0.22628641385660844,
        "nauc_precision_at_100_max": -0.1433698112265739,
        "nauc_precision_at_100_std": -0.36712891263826974,
        "nauc_precision_at_10_diff1": 0.3427214658597616,
        "nauc_precision_at_10_max": -0.08408227873400112,
        "nauc_precision_at_10_std": -0.3496462462126361,
        "nauc_precision_at_1_diff1": 0.5262076265564327,
        "nauc_precision_at_1_max": -0.05148942819991926,
        "nauc_precision_at_1_std": -0.3765011484356803,
        "nauc_precision_at_20_diff1": 0.32141178989692293,
        "nauc_precision_at_20_max": -0.10260100995081112,
        "nauc_precision_at_20_std": -0.37018146996020884,
        "nauc_precision_at_3_diff1": 0.41706690992405265,
        "nauc_precision_at_3_max": -0.053844032415460805,
        "nauc_precision_at_3_std": -0.37477618906190313,
        "nauc_precision_at_5_diff1": 0.394411385940761,
        "nauc_precision_at_5_max": -0.06760957413739527,
        "nauc_precision_at_5_std": -0.38032698314016344,
        "nauc_recall_at_1000_diff1": -1.1517273576096938,
        "nauc_recall_at_1000_max": 0.554154995331521,
        "nauc_recall_at_1000_std": 1.0,
        "nauc_recall_at_100_diff1": 0.22628641385660783,
        "nauc_recall_at_100_max": -0.14336981122657413,
        "nauc_recall_at_100_std": -0.36712891263827,
        "nauc_recall_at_10_diff1": 0.34272146585976165,
        "nauc_recall_at_10_max": -0.08408227873400108,
        "nauc_recall_at_10_std": -0.349646246212636,
        "nauc_recall_at_1_diff1": 0.5262076265564327,
        "nauc_recall_at_1_max": -0.05148942819991926,
        "nauc_recall_at_1_std": -0.3765011484356803,
        "nauc_recall_at_20_diff1": 0.32141178989692304,
        "nauc_recall_at_20_max": -0.10260100995081084,
        "nauc_recall_at_20_std": -0.37018146996020856,
        "nauc_recall_at_3_diff1": 0.41706690992405265,
        "nauc_recall_at_3_max": -0.053844032415461235,
        "nauc_recall_at_3_std": -0.3747761890619036,
        "nauc_recall_at_5_diff1": 0.3944113859407612,
        "nauc_recall_at_5_max": -0.06760957413739516,
        "nauc_recall_at_5_std": -0.38032698314016317,
        "ndcg_at_1": 0.091,
        "ndcg_at_10": 0.14213,
        "ndcg_at_100": 0.19005,
        "ndcg_at_1000": 0.25557,
        "ndcg_at_20": 0.15202,
        "ndcg_at_3": 0.11864,
        "ndcg_at_5": 0.13018,
        "precision_at_1": 0.091,
        "precision_at_10": 0.0205,
        "precision_at_100": 0.00459,
        "precision_at_1000": 0.001,
        "precision_at_20": 0.0122,
        "precision_at_3": 0.04667,
        "precision_at_5": 0.0336,
        "recall_at_1": 0.091,
        "recall_at_10": 0.205,
        "recall_at_100": 0.459,
        "recall_at_1000": 0.999,
        "recall_at_20": 0.244,
        "recall_at_3": 0.14,
        "recall_at_5": 0.168
      }
    ]
  },
  "task_name": "KorNewsRetrieval"
}