{
  "dataset_revision": "main",
  "evaluation_time": 3.5460450649261475,
  "kg_co2_emissions": null,
  "mteb_version": "1.12.49",
  "scores": {
    "train": [
      {
        "hf_subset": "default",
        "languages": [
          "kor-Hang"
        ],
        "main_score": 0.1878,
        "map_at_1": 0.109,
        "map_at_10": 0.15786,
        "map_at_100": 0.1673,
        "map_at_1000": 0.16893,
        "map_at_20": 0.16264,
        "map_at_3": 0.14083,
        "map_at_5": 0.14923,
        "mrr_at_1": 0.109,
        "mrr_at_10": 0.15785714285714278,
        "mrr_at_100": 0.1673036974133972,
        "mrr_at_1000": 0.16893290942190956,
        "mrr_at_20": 0.1626448566010872,
        "mrr_at_3": 0.14083333333333328,
        "mrr_at_5": 0.14923333333333325,
        "nauc_map_at_1000_diff1": 0.43329420480882,
        "nauc_map_at_1000_max": 0.05513439462496087,
        "nauc_map_at_1000_std": -0.3193562587905695,
        "nauc_map_at_100_diff1": 0.43207268574606106,
        "nauc_map_at_100_max": 0.05440854945524949,
        "nauc_map_at_100_std": -0.31934985845497077,
        "nauc_map_at_10_diff1": 0.440064896165817,
        "nauc_map_at_10_max": 0.058767223180632946,
        "nauc_map_at_10_std": -0.3194320685490935,
        "nauc_map_at_1_diff1": 0.5780786674195943,
        "nauc_map_at_1_max": 0.10995611580565352,
        "nauc_map_at_1_std": -0.3305216724106934,
        "nauc_map_at_20_diff1": 0.434581366169862,
        "nauc_map_at_20_max": 0.05683244494280964,
        "nauc_map_at_20_std": -0.31905310146297183,
        "nauc_map_at_3_diff1": 0.4762120174680483,
        "nauc_map_at_3_max": 0.06987008095077991,
        "nauc_map_at_3_std": -0.32565095938731586,
        "nauc_map_at_5_diff1": 0.45663929553871047,
        "nauc_map_at_5_max": 0.06481515506423595,
        "nauc_map_at_5_std": -0.3215052281892781,
        "nauc_mrr_at_1000_diff1": 0.43329420480882,
        "nauc_mrr_at_1000_max": 0.05513439462496087,
        "nauc_mrr_at_1000_std": -0.3193562587905695,
        "nauc_mrr_at_100_diff1": 0.43207268574606106,
        "nauc_mrr_at_100_max": 0.05440854945524949,
        "nauc_mrr_at_100_std": -0.31934985845497077,
        "nauc_mrr_at_10_diff1": 0.440064896165817,
        "nauc_mrr_at_10_max": 0.058767223180632946,
        "nauc_mrr_at_10_std": -0.3194320685490935,
        "nauc_mrr_at_1_diff1": 0.5780786674195943,
        "nauc_mrr_at_1_max": 0.10995611580565352,
        "nauc_mrr_at_1_std": -0.3305216724106934,
        "nauc_mrr_at_20_diff1": 0.434581366169862,
        "nauc_mrr_at_20_max": 0.05683244494280964,
        "nauc_mrr_at_20_std": -0.31905310146297183,
        "nauc_mrr_at_3_diff1": 0.4762120174680483,
        "nauc_mrr_at_3_max": 0.06987008095077991,
        "nauc_mrr_at_3_std": -0.32565095938731586,
        "nauc_mrr_at_5_diff1": 0.45663929553871047,
        "nauc_mrr_at_5_max": 0.06481515506423595,
        "nauc_mrr_at_5_std": -0.3215052281892781,
        "nauc_ndcg_at_1000_diff1": 0.3864062290363796,
        "nauc_ndcg_at_1000_max": 0.037318146398487746,
        "nauc_ndcg_at_1000_std": -0.3164002675961709,
        "nauc_ndcg_at_100_diff1": 0.34773101349277724,
        "nauc_ndcg_at_100_max": 0.020039456948344345,
        "nauc_ndcg_at_100_std": -0.3152677660553193,
        "nauc_ndcg_at_10_diff1": 0.3816827645018907,
        "nauc_ndcg_at_10_max": 0.03774523937135595,
        "nauc_ndcg_at_10_std": -0.3134151905350617,
        "nauc_ndcg_at_1_diff1": 0.5780786674195943,
        "nauc_ndcg_at_1_max": 0.10995611580565352,
        "nauc_ndcg_at_1_std": -0.3305216724106934,
        "nauc_ndcg_at_20_diff1": 0.3640004125814547,
        "nauc_ndcg_at_20_max": 0.031226225311832754,
        "nauc_ndcg_at_20_std": -0.31276900631812193,
        "nauc_ndcg_at_3_diff1": 0.44790992398123924,
        "nauc_ndcg_at_3_max": 0.058547664664159664,
        "nauc_ndcg_at_3_std": -0.3244955199474067,
        "nauc_ndcg_at_5_diff1": 0.4169846147532091,
        "nauc_ndcg_at_5_max": 0.0518904295757869,
        "nauc_ndcg_at_5_std": -0.31715725340769174,
        "nauc_precision_at_1000_diff1": 0.55415499533131,
        "nauc_precision_at_1000_max": 0.55415499533131,
        "nauc_precision_at_1000_std": -0.5634920634924371,
        "nauc_precision_at_100_diff1": 0.12404793540328875,
        "nauc_precision_at_100_max": -0.07110645767953731,
        "nauc_precision_at_100_std": -0.30947042873848074,
        "nauc_precision_at_10_diff1": 0.2510322093643305,
        "nauc_precision_at_10_max": -0.009752145097957991,
        "nauc_precision_at_10_std": -0.29986495751355663,
        "nauc_precision_at_1_diff1": 0.5780786674195943,
        "nauc_precision_at_1_max": 0.10995611580565352,
        "nauc_precision_at_1_std": -0.3305216724106934,
        "nauc_precision_at_20_diff1": 0.20426287510604557,
        "nauc_precision_at_20_max": -0.027505474920588954,
        "nauc_precision_at_20_std": -0.2992903976798173,
        "nauc_precision_at_3_diff1": 0.38023173859360215,
        "nauc_precision_at_3_max": 0.03142723058353739,
        "nauc_precision_at_3_std": -0.3217810380268104,
        "nauc_precision_at_5_diff1": 0.32611492681107634,
        "nauc_precision_at_5_max": 0.023193585480312105,
        "nauc_precision_at_5_std": -0.3065543711346614,
        "nauc_recall_at_1000_diff1": 0.554154995331521,
        "nauc_recall_at_1000_max": 0.554154995331521,
        "nauc_recall_at_1000_std": -0.563492063491993,
        "nauc_recall_at_100_diff1": 0.1240479354032884,
        "nauc_recall_at_100_max": -0.07110645767953733,
        "nauc_recall_at_100_std": -0.3094704287384806,
        "nauc_recall_at_10_diff1": 0.25103220936433074,
        "nauc_recall_at_10_max": -0.00975214509795772,
        "nauc_recall_at_10_std": -0.2998649575135562,
        "nauc_recall_at_1_diff1": 0.5780786674195943,
        "nauc_recall_at_1_max": 0.10995611580565352,
        "nauc_recall_at_1_std": -0.3305216724106934,
        "nauc_recall_at_20_diff1": 0.20426287510604582,
        "nauc_recall_at_20_max": -0.02750547492058897,
        "nauc_recall_at_20_std": -0.29929039767981747,
        "nauc_recall_at_3_diff1": 0.38023173859360204,
        "nauc_recall_at_3_max": 0.03142723058353721,
        "nauc_recall_at_3_std": -0.3217810380268106,
        "nauc_recall_at_5_diff1": 0.326114926811076,
        "nauc_recall_at_5_max": 0.02319358548031207,
        "nauc_recall_at_5_std": -0.30655437113466144,
        "ndcg_at_1": 0.109,
        "ndcg_at_10": 0.1878,
        "ndcg_at_100": 0.24253,
        "ndcg_at_1000": 0.29551,
        "ndcg_at_20": 0.2054,
        "ndcg_at_3": 0.15163,
        "ndcg_at_5": 0.16682,
        "precision_at_1": 0.109,
        "precision_at_10": 0.0285,
        "precision_at_100": 0.00562,
        "precision_at_1000": 0.001,
        "precision_at_20": 0.01775,
        "precision_at_3": 0.061,
        "precision_at_5": 0.044,
        "recall_at_1": 0.109,
        "recall_at_10": 0.285,
        "recall_at_100": 0.562,
        "recall_at_1000": 0.999,
        "recall_at_20": 0.355,
        "recall_at_3": 0.183,
        "recall_at_5": 0.22
      }
    ]
  },
  "task_name": "KorTATQARetrieval"
}