{
  "dataset_revision": "main",
  "evaluation_time": 101.02054119110107,
  "kg_co2_emissions": null,
  "mteb_version": "1.12.49",
  "scores": {
    "test": [
      {
        "cosine": {
          "accuracy": 0.7253260123541524,
          "accuracy_threshold": 0.5240164948629098,
          "ap": 0.7442451000825323,
          "f1": 0.8407734542850323,
          "f1_threshold": 0.5240164948629098,
          "precision": 0.7253878896059316,
          "recall": 0.9998107494322483
        },
        "dot": {
          "accuracy": 0.7253260123541524,
          "accuracy_threshold": 0.5244140625,
          "ap": 0.7440646555141261,
          "f1": 0.8407734542850323,
          "f1_threshold": 0.5244140625,
          "precision": 0.7253878896059316,
          "recall": 0.9998107494322483
        },
        "euclidean": {
          "accuracy": 0.7253260123541524,
          "accuracy_threshold": 0.9757747743014911,
          "ap": 0.7442531102147856,
          "f1": 0.8407734542850323,
          "f1_threshold": 0.9757747743014911,
          "precision": 0.7253878896059316,
          "recall": 0.9998107494322483
        },
        "hf_subset": "default",
        "languages": [
          "kor-Hang"
        ],
        "main_score": 0.7442531102147856,
        "manhattan": {
          "accuracy": 0.7253260123541524,
          "accuracy_threshold": 46.23797434568405,
          "ap": 0.7437998507590393,
          "f1": 0.8407734542850323,
          "f1_threshold": 46.23797434568405,
          "precision": 0.7253878896059316,
          "recall": 0.9998107494322483
        },
        "max": {
          "accuracy": 0.7253260123541524,
          "ap": 0.7442531102147856,
          "f1": 0.8407734542850323
        },
        "similarity": {
          "accuracy": 0.7253260123541524,
          "accuracy_threshold": 0.5240164948629098,
          "ap": 0.7442451000825323,
          "f1": 0.8407734542850323,
          "f1_threshold": 0.5240164948629098,
          "precision": 0.7253878896059316,
          "recall": 0.9998107494322483
        }
      }
    ]
  },
  "task_name": "HeadlineACPairClassification"
}