{
  "dataset_revision": "main",
  "evaluation_time": 12.990807056427002,
  "kg_co2_emissions": null,
  "mteb_version": "1.12.49",
  "scores": {
    "train": [
      {
        "hf_subset": "default",
        "languages": [
          "kor-Hang"
        ],
        "main_score": 0.39455,
        "map_at_1": 0.205,
        "map_at_10": 0.3309,
        "map_at_100": 0.33986,
        "map_at_1000": 0.3406,
        "map_at_20": 0.33585,
        "map_at_3": 0.29767,
        "map_at_5": 0.31837,
        "mrr_at_1": 0.205,
        "mrr_at_10": 0.33090039682539657,
        "mrr_at_100": 0.33986242740796563,
        "mrr_at_1000": 0.340597474025311,
        "mrr_at_20": 0.3358548885282241,
        "mrr_at_3": 0.2976666666666668,
        "mrr_at_5": 0.3183666666666666,
        "nauc_map_at_1000_diff1": -0.019459207843183963,
        "nauc_map_at_1000_max": 0.2890878652605992,
        "nauc_map_at_1000_std": 0.09748322458291596,
        "nauc_map_at_100_diff1": -0.020099145132446258,
        "nauc_map_at_100_max": 0.28887897061384343,
        "nauc_map_at_100_std": 0.09765906937456609,
        "nauc_map_at_10_diff1": -0.01927655789961505,
        "nauc_map_at_10_max": 0.2873080572723695,
        "nauc_map_at_10_std": 0.0960968203123477,
        "nauc_map_at_1_diff1": 0.10616610838856166,
        "nauc_map_at_1_max": 0.3341866061221392,
        "nauc_map_at_1_std": 0.045448367935916716,
        "nauc_map_at_20_diff1": -0.02164992419823616,
        "nauc_map_at_20_max": 0.28905733963574715,
        "nauc_map_at_20_std": 0.09676700277227332,
        "nauc_map_at_3_diff1": 0.004593121518123452,
        "nauc_map_at_3_max": 0.2940739350884139,
        "nauc_map_at_3_std": 0.08235621007164902,
        "nauc_map_at_5_diff1": -0.015591430673636256,
        "nauc_map_at_5_max": 0.28409119044349773,
        "nauc_map_at_5_std": 0.09006685178826065,
        "nauc_mrr_at_1000_diff1": -0.019459207843183963,
        "nauc_mrr_at_1000_max": 0.2890878652605992,
        "nauc_mrr_at_1000_std": 0.09748322458291596,
        "nauc_mrr_at_100_diff1": -0.020099145132446258,
        "nauc_mrr_at_100_max": 0.28887897061384343,
        "nauc_mrr_at_100_std": 0.09765906937456609,
        "nauc_mrr_at_10_diff1": -0.01927655789961505,
        "nauc_mrr_at_10_max": 0.2873080572723695,
        "nauc_mrr_at_10_std": 0.0960968203123477,
        "nauc_mrr_at_1_diff1": 0.10616610838856166,
        "nauc_mrr_at_1_max": 0.3341866061221392,
        "nauc_mrr_at_1_std": 0.045448367935916716,
        "nauc_mrr_at_20_diff1": -0.02164992419823616,
        "nauc_mrr_at_20_max": 0.28905733963574715,
        "nauc_mrr_at_20_std": 0.09676700277227332,
        "nauc_mrr_at_3_diff1": 0.004593121518123452,
        "nauc_mrr_at_3_max": 0.2940739350884139,
        "nauc_mrr_at_3_std": 0.08235621007164902,
        "nauc_mrr_at_5_diff1": -0.015591430673636256,
        "nauc_mrr_at_5_max": 0.28409119044349773,
        "nauc_mrr_at_5_std": 0.09006685178826065,
        "nauc_ndcg_at_1000_diff1": -0.050961788242974086,
        "nauc_ndcg_at_1000_max": 0.2809068866184147,
        "nauc_ndcg_at_1000_std": 0.11350116371137575,
        "nauc_ndcg_at_100_diff1": -0.07567487535164248,
        "nauc_ndcg_at_100_max": 0.27401238061111155,
        "nauc_ndcg_at_100_std": 0.12363241674835432,
        "nauc_ndcg_at_10_diff1": -0.06920114622545967,
        "nauc_ndcg_at_10_max": 0.27160228467922515,
        "nauc_ndcg_at_10_std": 0.11752226349758405,
        "nauc_ndcg_at_1_diff1": 0.10616610838856166,
        "nauc_ndcg_at_1_max": 0.3341866061221392,
        "nauc_ndcg_at_1_std": 0.045448367935916716,
        "nauc_ndcg_at_20_diff1": -0.0801640851727545,
        "nauc_ndcg_at_20_max": 0.2770488333677114,
        "nauc_ndcg_at_20_std": 0.1197722041612639,
        "nauc_ndcg_at_3_diff1": -0.023002631152927767,
        "nauc_ndcg_at_3_max": 0.28236243459645805,
        "nauc_ndcg_at_3_std": 0.0905819607459215,
        "nauc_ndcg_at_5_diff1": -0.058248775078637606,
        "nauc_ndcg_at_5_max": 0.2654701384628533,
        "nauc_ndcg_at_5_std": 0.10399130848489212,
        "nauc_precision_at_1000_diff1": 0.55415499533131,
        "nauc_precision_at_1000_max": 1.0,
        "nauc_precision_at_1000_std": 0.55415499533131,
        "nauc_precision_at_100_diff1": -0.4210396470656538,
        "nauc_precision_at_100_max": 0.1842862947698383,
        "nauc_precision_at_100_std": 0.28104429093864325,
        "nauc_precision_at_10_diff1": -0.2238373165494701,
        "nauc_precision_at_10_max": 0.22541043482110534,
        "nauc_precision_at_10_std": 0.18508636655426583,
        "nauc_precision_at_1_diff1": 0.10616610838856166,
        "nauc_precision_at_1_max": 0.3341866061221392,
        "nauc_precision_at_1_std": 0.045448367935916716,
        "nauc_precision_at_20_diff1": -0.29507413284511746,
        "nauc_precision_at_20_max": 0.24158506809182945,
        "nauc_precision_at_20_std": 0.2022932298564115,
        "nauc_precision_at_3_diff1": -0.09459487426240226,
        "nauc_precision_at_3_max": 0.2517377683613624,
        "nauc_precision_at_3_std": 0.11138791232386268,
        "nauc_precision_at_5_diff1": -0.17612560294787932,
        "nauc_precision_at_5_max": 0.21391902421681902,
        "nauc_precision_at_5_std": 0.14214400179631312,
        "nauc_recall_at_1000_diff1": 0.554154995331521,
        "nauc_recall_at_1000_max": 1.0,
        "nauc_recall_at_1000_std": 0.554154995331521,
        "nauc_recall_at_100_diff1": -0.42103964706565167,
        "nauc_recall_at_100_max": 0.18428629476983766,
        "nauc_recall_at_100_std": 0.2810442909386432,
        "nauc_recall_at_10_diff1": -0.22383731654946967,
        "nauc_recall_at_10_max": 0.22541043482110593,
        "nauc_recall_at_10_std": 0.18508636655426627,
        "nauc_recall_at_1_diff1": 0.10616610838856166,
        "nauc_recall_at_1_max": 0.3341866061221392,
        "nauc_recall_at_1_std": 0.045448367935916716,
        "nauc_recall_at_20_diff1": -0.295074132845116,
        "nauc_recall_at_20_max": 0.24158506809182992,
        "nauc_recall_at_20_std": 0.2022932298564121,
        "nauc_recall_at_3_diff1": -0.09459487426240226,
        "nauc_recall_at_3_max": 0.2517377683613629,
        "nauc_recall_at_3_std": 0.11138791232386254,
        "nauc_recall_at_5_diff1": -0.17612560294787882,
        "nauc_recall_at_5_max": 0.21391902421681905,
        "nauc_recall_at_5_std": 0.14214400179631362,
        "ndcg_at_1": 0.205,
        "ndcg_at_10": 0.39455,
        "ndcg_at_100": 0.44261,
        "ndcg_at_1000": 0.46374,
        "ndcg_at_20": 0.4127,
        "ndcg_at_3": 0.32757,
        "ndcg_at_5": 0.36454,
        "precision_at_1": 0.205,
        "precision_at_10": 0.0595,
        "precision_at_100": 0.0083,
        "precision_at_1000": 0.001,
        "precision_at_20": 0.03335,
        "precision_at_3": 0.138,
        "precision_at_5": 0.1006,
        "recall_at_1": 0.205,
        "recall_at_10": 0.595,
        "recall_at_100": 0.83,
        "recall_at_1000": 0.999,
        "recall_at_20": 0.667,
        "recall_at_3": 0.414,
        "recall_at_5": 0.503
      }
    ]
  },
  "task_name": "KorBoKDictRetrieval"
}