{
  "dataset_revision": "main",
  "evaluation_time": 34.63398718833923,
  "kg_co2_emissions": null,
  "mteb_version": "1.12.49",
  "scores": {
    "train": [
      {
        "cosine_pearson": -0.008656228891170372,
        "cosine_spearman": -0.006735057565781199,
        "euclidean_pearson": -0.0017420382111733917,
        "euclidean_spearman": -0.006651565116618622,
        "hf_subset": "default",
        "languages": [
          "kor-Hang"
        ],
        "main_score": -0.006735057565781199,
        "manhattan_pearson": -0.004983518769405092,
        "manhattan_spearman": -0.007208181444369134,
        "pearson": -0.008656228891170372,
        "spearman": -0.006735057565781199
      }
    ]
  },
  "task_name": "KorDartReportSTS"
}