{
  "dataset_revision": "main",
  "evaluation_time": 13.269657373428345,
  "kg_co2_emissions": null,
  "mteb_version": "1.12.49",
  "scores": {
    "test": [
      {
        "cosine_pearson": -0.017192559347024787,
        "cosine_spearman": -0.00449175549053681,
        "euclidean_pearson": -0.022828681870275487,
        "euclidean_spearman": -0.004401920380726074,
        "hf_subset": "default",
        "languages": [
          "eng-Latn",
          "kor-Hang",
          "zho-Hans"
        ],
        "main_score": -0.00449175549053681,
        "manhattan_pearson": -0.010989544481465371,
        "manhattan_spearman": 0.00449175549053681,
        "pearson": -0.017192559347024787,
        "spearman": -0.00449175549053681
      }
    ]
  },
  "task_name": "KorFinSTS"
}