{
  "dataset_revision": "main",
  "evaluation_time": 1533.8781509399414,
  "kg_co2_emissions": null,
  "mteb_version": "1.12.49",
  "scores": {
    "test": [
      {
        "hf_subset": "default",
        "languages": [
          "kor-Hang"
        ],
        "main_score": 0.9448054234356077,
        "map": 0.9448054234356077,
        "mrr": 0.9448024382094916,
        "nAUC_map_diff1": 0.6930149850053144,
        "nAUC_map_max": 0.6035559136459726,
        "nAUC_map_std": 0.384942423064143,
        "nAUC_mrr_diff1": 0.6929465727549096,
        "nAUC_mrr_max": 0.6035774987181779,
        "nAUC_mrr_std": 0.3849759109194687
      }
    ]
  },
  "task_name": "KorFiQA2018Reranking"
}