{
  "dataset_revision": "main",
  "evaluation_time": 35.039352893829346,
  "kg_co2_emissions": null,
  "mteb_version": "1.12.49",
  "scores": {
    "train": [
      {
        "cosine_pearson": -0.04848871281516369,
        "cosine_spearman": -0.04975147929627672,
        "euclidean_pearson": -0.05359482818325737,
        "euclidean_spearman": -0.04975147929627672,
        "hf_subset": "default",
        "languages": [
          "kor-Hang"
        ],
        "main_score": -0.04975147929627672,
        "manhattan_pearson": -0.04976239718718087,
        "manhattan_spearman": -0.044952301229111764,
        "pearson": -0.04848871281516369,
        "spearman": -0.04975147929627672
      }
    ]
  },
  "task_name": "KorFinReportSTS"
}