{
  "dataset_revision": "main",
  "evaluation_time": 26.284677267074585,
  "kg_co2_emissions": null,
  "mteb_version": "1.12.49",
  "scores": {
    "train": [
      {
        "cosine_pearson": 0.9186000731417386,
        "cosine_spearman": 0.8621945384954733,
        "euclidean_pearson": 0.9112608379696516,
        "euclidean_spearman": 0.8621945384954733,
        "hf_subset": "default",
        "languages": [
          "kor-Hang"
        ],
        "main_score": 0.8621945384954733,
        "manhattan_pearson": 0.9180862464616397,
        "manhattan_spearman": 0.8639750876159289,
        "pearson": 0.9186000731417386,
        "spearman": 0.8621945384954733
      }
    ]
  },
  "task_name": "KorFinanceNewsSummarization"
}