{
  "dataset_revision": "main",
  "evaluation_time": 1386.5410361289978,
  "kg_co2_emissions": null,
  "mteb_version": "1.12.49",
  "scores": {
    "test": [
      {
        "hf_subset": "default",
        "languages": [
          "kor-Hang"
        ],
        "main_score": 0.5495761583068253,
        "map": 0.5495761583068253,
        "mrr": 0.5932189676623723,
        "nAUC_map_diff1": 0.28707585085336257,
        "nAUC_map_max": -0.21936743922717963,
        "nAUC_map_std": -0.38291546637212304,
        "nAUC_mrr_diff1": 0.1642016089681608,
        "nAUC_mrr_max": -0.06204582947397456,
        "nAUC_mrr_std": -0.18634200784496588
      }
    ]
  },
  "task_name": "KorFiQA2018Reranking"
}