{
  "dataset_revision": "main",
  "evaluation_time": 14.272574424743652,
  "kg_co2_emissions": null,
  "mteb_version": "1.12.49",
  "scores": {
    "train": [
      {
        "hf_subset": "default",
        "languages": [
          "kor-Hang"
        ],
        "main_score": 0.39254,
        "map_at_1": 0.234,
        "map_at_10": 0.33512,
        "map_at_100": 0.34682,
        "map_at_1000": 0.34751,
        "map_at_20": 0.3423,
        "map_at_3": 0.30267,
        "map_at_5": 0.32112,
        "mrr_at_1": 0.234,
        "mrr_at_10": 0.3351246031746033,
        "mrr_at_100": 0.34682257365362884,
        "mrr_at_1000": 0.34750512427553404,
        "mrr_at_20": 0.3422968247352921,
        "mrr_at_3": 0.30266666666666675,
        "mrr_at_5": 0.32111666666666655,
        "nauc_map_at_1000_diff1": 0.3760487597428513,
        "nauc_map_at_1000_max": 0.340039268375617,
        "nauc_map_at_1000_std": 0.06403308542259185,
        "nauc_map_at_100_diff1": 0.37579914470562076,
        "nauc_map_at_100_max": 0.34019178503170944,
        "nauc_map_at_100_std": 0.0645996843635645,
        "nauc_map_at_10_diff1": 0.3721314030344028,
        "nauc_map_at_10_max": 0.3391984074976026,
        "nauc_map_at_10_std": 0.06484482764258231,
        "nauc_map_at_1_diff1": 0.451002213682435,
        "nauc_map_at_1_max": 0.3150802951980352,
        "nauc_map_at_1_std": 0.0077842280426019955,
        "nauc_map_at_20_diff1": 0.3746199346947731,
        "nauc_map_at_20_max": 0.34090749961591876,
        "nauc_map_at_20_std": 0.06478085466447266,
        "nauc_map_at_3_diff1": 0.38376183836461886,
        "nauc_map_at_3_max": 0.34504872724146224,
        "nauc_map_at_3_std": 0.04238284060939872,
        "nauc_map_at_5_diff1": 0.378151314547801,
        "nauc_map_at_5_max": 0.34249901284780093,
        "nauc_map_at_5_std": 0.05847381939519185,
        "nauc_mrr_at_1000_diff1": 0.3760487597428513,
        "nauc_mrr_at_1000_max": 0.340039268375617,
        "nauc_mrr_at_1000_std": 0.06403308542259185,
        "nauc_mrr_at_100_diff1": 0.37579914470562076,
        "nauc_mrr_at_100_max": 0.34019178503170944,
        "nauc_mrr_at_100_std": 0.0645996843635645,
        "nauc_mrr_at_10_diff1": 0.3721314030344028,
        "nauc_mrr_at_10_max": 0.3391984074976026,
        "nauc_mrr_at_10_std": 0.06484482764258231,
        "nauc_mrr_at_1_diff1": 0.451002213682435,
        "nauc_mrr_at_1_max": 0.3150802951980352,
        "nauc_mrr_at_1_std": 0.0077842280426019955,
        "nauc_mrr_at_20_diff1": 0.3746199346947731,
        "nauc_mrr_at_20_max": 0.34090749961591876,
        "nauc_mrr_at_20_std": 0.06478085466447266,
        "nauc_mrr_at_3_diff1": 0.38376183836461886,
        "nauc_mrr_at_3_max": 0.34504872724146224,
        "nauc_mrr_at_3_std": 0.04238284060939872,
        "nauc_mrr_at_5_diff1": 0.378151314547801,
        "nauc_mrr_at_5_max": 0.34249901284780093,
        "nauc_mrr_at_5_std": 0.05847381939519185,
        "nauc_ndcg_at_1000_diff1": 0.3623864199976692,
        "nauc_ndcg_at_1000_max": 0.3430741958675177,
        "nauc_ndcg_at_1000_std": 0.08407151438030128,
        "nauc_ndcg_at_100_diff1": 0.35671953947654217,
        "nauc_ndcg_at_100_max": 0.3459286489630095,
        "nauc_ndcg_at_100_std": 0.10164261459669698,
        "nauc_ndcg_at_10_diff1": 0.3393101549094752,
        "nauc_ndcg_at_10_max": 0.3410212315531409,
        "nauc_ndcg_at_10_std": 0.09822098327289756,
        "nauc_ndcg_at_1_diff1": 0.451002213682435,
        "nauc_ndcg_at_1_max": 0.3150802951980352,
        "nauc_ndcg_at_1_std": 0.0077842280426019955,
        "nauc_ndcg_at_20_diff1": 0.34883166693322043,
        "nauc_ndcg_at_20_max": 0.3491970087769738,
        "nauc_ndcg_at_20_std": 0.10084443937964155,
        "nauc_ndcg_at_3_diff1": 0.3641126570391635,
        "nauc_ndcg_at_3_max": 0.3527318504855924,
        "nauc_ndcg_at_3_std": 0.054472858726455055,
        "nauc_ndcg_at_5_diff1": 0.3541950229985234,
        "nauc_ndcg_at_5_max": 0.3487192003602827,
        "nauc_ndcg_at_5_std": 0.08382087259808167,
        "nauc_precision_at_1000_diff1": 0.35807656395873844,
        "nauc_precision_at_1000_max": 0.55415499533131,
        "nauc_precision_at_1000_std": 0.55415499533131,
        "nauc_precision_at_100_diff1": 0.27198521065974224,
        "nauc_precision_at_100_max": 0.38683028280535303,
        "nauc_precision_at_100_std": 0.3839791209314016,
        "nauc_precision_at_10_diff1": 0.23578150558037433,
        "nauc_precision_at_10_max": 0.3426192545712504,
        "nauc_precision_at_10_std": 0.20586138224374861,
        "nauc_precision_at_1_diff1": 0.451002213682435,
        "nauc_precision_at_1_max": 0.3150802951980352,
        "nauc_precision_at_1_std": 0.0077842280426019955,
        "nauc_precision_at_20_diff1": 0.26329372657919375,
        "nauc_precision_at_20_max": 0.38416658924251523,
        "nauc_precision_at_20_std": 0.241585715416352,
        "nauc_precision_at_3_diff1": 0.31169790332803016,
        "nauc_precision_at_3_max": 0.3729139989393763,
        "nauc_precision_at_3_std": 0.08729967793256005,
        "nauc_precision_at_5_diff1": 0.28808893496735993,
        "nauc_precision_at_5_max": 0.3649863413385879,
        "nauc_precision_at_5_std": 0.15755275831094223,
        "nauc_recall_at_1000_diff1": 0.3580765639589976,
        "nauc_recall_at_1000_max": 0.554154995331521,
        "nauc_recall_at_1000_std": 0.554154995331521,
        "nauc_recall_at_100_diff1": 0.27198521065974335,
        "nauc_recall_at_100_max": 0.386830282805353,
        "nauc_recall_at_100_std": 0.383979120931401,
        "nauc_recall_at_10_diff1": 0.23578150558037494,
        "nauc_recall_at_10_max": 0.34261925457125064,
        "nauc_recall_at_10_std": 0.20586138224374909,
        "nauc_recall_at_1_diff1": 0.451002213682435,
        "nauc_recall_at_1_max": 0.3150802951980352,
        "nauc_recall_at_1_std": 0.0077842280426019955,
        "nauc_recall_at_20_diff1": 0.2632937265791945,
        "nauc_recall_at_20_max": 0.3841665892425162,
        "nauc_recall_at_20_std": 0.24158571541635268,
        "nauc_recall_at_3_diff1": 0.3116979033280302,
        "nauc_recall_at_3_max": 0.3729139989393763,
        "nauc_recall_at_3_std": 0.08729967793255984,
        "nauc_recall_at_5_diff1": 0.28808893496736,
        "nauc_recall_at_5_max": 0.36498634133858837,
        "nauc_recall_at_5_std": 0.15755275831094265,
        "ndcg_at_1": 0.234,
        "ndcg_at_10": 0.39254,
        "ndcg_at_100": 0.45142,
        "ndcg_at_1000": 0.46952,
        "ndcg_at_20": 0.41828,
        "ndcg_at_3": 0.32509,
        "ndcg_at_5": 0.3584,
        "precision_at_1": 0.234,
        "precision_at_10": 0.0577,
        "precision_at_100": 0.00857,
        "precision_at_1000": 0.001,
        "precision_at_20": 0.0339,
        "precision_at_3": 0.13,
        "precision_at_5": 0.0942,
        "recall_at_1": 0.234,
        "recall_at_10": 0.577,
        "recall_at_100": 0.857,
        "recall_at_1000": 0.999,
        "recall_at_20": 0.678,
        "recall_at_3": 0.39,
        "recall_at_5": 0.471
      }
    ]
  },
  "task_name": "KorFSSDictRetrieval"
}