{
  "dataset_revision": "main",
  "evaluation_time": 36.18683576583862,
  "kg_co2_emissions": null,
  "mteb_version": "1.12.49",
  "scores": {
    "train": [
      {
        "cosine_pearson": -0.04024132006397927,
        "cosine_spearman": -0.033536133746968365,
        "euclidean_pearson": -0.040436567972990334,
        "euclidean_spearman": -0.0335639645633559,
        "hf_subset": "default",
        "languages": [
          "kor-Hang"
        ],
        "main_score": -0.033536133746968365,
        "manhattan_pearson": -0.03197427126890255,
        "manhattan_spearman": -0.027496846590875305,
        "pearson": -0.04024132006397927,
        "spearman": -0.033536133746968365
      }
    ]
  },
  "task_name": "KorFinSTS"
}