{
  "dataset_revision": "main",
  "evaluation_time": 80.01728177070618,
  "kg_co2_emissions": null,
  "mteb_version": "1.12.49",
  "scores": {
    "train": [
      {
        "cosine_pearson": 0.33469961524780234,
        "cosine_spearman": 0.10976353806941197,
        "euclidean_pearson": 0.18925891146756732,
        "euclidean_spearman": 0.10976708982769794,
        "hf_subset": "default",
        "languages": [
          "kor-Hang"
        ],
        "main_score": 0.10976353806941197,
        "manhattan_pearson": 0.1716939690229843,
        "manhattan_spearman": 0.10166197741912954,
        "pearson": 0.33469961524780234,
        "spearman": 0.10976353806941197
      }
    ]
  },
  "task_name": "KorFinSTS"
}