{
  "dataset_revision": "main",
  "evaluation_time": 34.58985185623169,
  "kg_co2_emissions": null,
  "mteb_version": "1.12.49",
  "scores": {
    "test": [
      {
        "cosine_pearson": -0.024249846908648776,
        "cosine_spearman": -0.030344515637044187,
        "euclidean_pearson": -0.030492931316269085,
        "euclidean_spearman": -0.030372457179988058,
        "hf_subset": "default",
        "languages": [
          "kor-Hang"
        ],
        "main_score": -0.030344515637044187,
        "manhattan_pearson": -0.02257784891224435,
        "manhattan_spearman": -0.024225317732336382,
        "pearson": -0.024249846908648776,
        "spearman": -0.030344515637044187
      }
    ]
  },
  "task_name": "KorFinSTS"
}