{
  "dataset_revision": "main",
  "evaluation_time": 21.396203994750977,
  "kg_co2_emissions": null,
  "mteb_version": "1.12.49",
  "scores": {
    "train": [
      {
        "hf_subset": "default",
        "languages": [
          "kor-Hang"
        ],
        "main_score": 0.51544,
        "map_at_1": 0.383,
        "map_at_10": 0.46801,
        "map_at_100": 0.47856,
        "map_at_1000": 0.47887,
        "map_at_20": 0.47365,
        "map_at_3": 0.44233,
        "map_at_5": 0.45593,
        "mrr_at_1": 0.383,
        "mrr_at_10": 0.46801071428571395,
        "mrr_at_100": 0.478563183795664,
        "mrr_at_1000": 0.47887450379227214,
        "mrr_at_20": 0.47365067160221885,
        "mrr_at_3": 0.4423333333333331,
        "mrr_at_5": 0.4559333333333328,
        "nauc_map_at_1000_diff1": 0.6659540586116285,
        "nauc_map_at_1000_max": 0.3196143616825392,
        "nauc_map_at_1000_std": -0.4054463447384791,
        "nauc_map_at_100_diff1": 0.6657389741944382,
        "nauc_map_at_100_max": 0.3197020396310355,
        "nauc_map_at_100_std": -0.4053728736218653,
        "nauc_map_at_10_diff1": 0.6657957998566635,
        "nauc_map_at_10_max": 0.31792555886224166,
        "nauc_map_at_10_std": -0.409613733781203,
        "nauc_map_at_1_diff1": 0.7201623232943272,
        "nauc_map_at_1_max": 0.32343448474552955,
        "nauc_map_at_1_std": -0.3861874660150203,
        "nauc_map_at_20_diff1": 0.6642997604704991,
        "nauc_map_at_20_max": 0.32008504549520256,
        "nauc_map_at_20_std": -0.4051247303057907,
        "nauc_map_at_3_diff1": 0.6742811951409451,
        "nauc_map_at_3_max": 0.31635553287253554,
        "nauc_map_at_3_std": -0.41021483850814117,
        "nauc_map_at_5_diff1": 0.6710770821819857,
        "nauc_map_at_5_max": 0.31475650350351636,
        "nauc_map_at_5_std": -0.4087510691136831,
        "nauc_mrr_at_1000_diff1": 0.6659540586116285,
        "nauc_mrr_at_1000_max": 0.3196143616825392,
        "nauc_mrr_at_1000_std": -0.4054463447384791,
        "nauc_mrr_at_100_diff1": 0.6657389741944382,
        "nauc_mrr_at_100_max": 0.3197020396310355,
        "nauc_mrr_at_100_std": -0.4053728736218653,
        "nauc_mrr_at_10_diff1": 0.6657957998566635,
        "nauc_mrr_at_10_max": 0.31792555886224166,
        "nauc_mrr_at_10_std": -0.409613733781203,
        "nauc_mrr_at_1_diff1": 0.7201623232943272,
        "nauc_mrr_at_1_max": 0.32343448474552955,
        "nauc_mrr_at_1_std": -0.3861874660150203,
        "nauc_mrr_at_20_diff1": 0.6642997604704991,
        "nauc_mrr_at_20_max": 0.32008504549520256,
        "nauc_mrr_at_20_std": -0.4051247303057907,
        "nauc_mrr_at_3_diff1": 0.6742811951409451,
        "nauc_mrr_at_3_max": 0.31635553287253554,
        "nauc_mrr_at_3_std": -0.41021483850814117,
        "nauc_mrr_at_5_diff1": 0.6710770821819857,
        "nauc_mrr_at_5_max": 0.31475650350351636,
        "nauc_mrr_at_5_std": -0.4087510691136831,
        "nauc_ndcg_at_1000_diff1": 0.6515952618917097,
        "nauc_ndcg_at_1000_max": 0.32300863301340327,
        "nauc_ndcg_at_1000_std": -0.4033627531568962,
        "nauc_ndcg_at_100_diff1": 0.6465869403296441,
        "nauc_ndcg_at_100_max": 0.3261755502105167,
        "nauc_ndcg_at_100_std": -0.40001387328912313,
        "nauc_ndcg_at_10_diff1": 0.6396509335966065,
        "nauc_ndcg_at_10_max": 0.32048729652460994,
        "nauc_ndcg_at_10_std": -0.4158860047530677,
        "nauc_ndcg_at_1_diff1": 0.7201623232943272,
        "nauc_ndcg_at_1_max": 0.32343448474552955,
        "nauc_ndcg_at_1_std": -0.3861874660150203,
        "nauc_ndcg_at_20_diff1": 0.6329363754879673,
        "nauc_ndcg_at_20_max": 0.329558979232113,
        "nauc_ndcg_at_20_std": -0.39836903016141556,
        "nauc_ndcg_at_3_diff1": 0.6601007434765904,
        "nauc_ndcg_at_3_max": 0.31515745120835376,
        "nauc_ndcg_at_3_std": -0.41651053321949116,
        "nauc_ndcg_at_5_diff1": 0.6538632683232326,
        "nauc_ndcg_at_5_max": 0.3128406500952127,
        "nauc_ndcg_at_5_std": -0.4135395369657573,
        "nauc_precision_at_1000_diff1": -1.1517273576102791,
        "nauc_precision_at_1000_max": 0.7222222222221585,
        "nauc_precision_at_1000_std": 1.0,
        "nauc_precision_at_100_diff1": 0.42967490026313165,
        "nauc_precision_at_100_max": 0.4636533401239263,
        "nauc_precision_at_100_std": -0.2321534674475877,
        "nauc_precision_at_10_diff1": 0.5381379366160607,
        "nauc_precision_at_10_max": 0.3337503625118866,
        "nauc_precision_at_10_std": -0.4377204578103617,
        "nauc_precision_at_1_diff1": 0.7201623232943272,
        "nauc_precision_at_1_max": 0.32343448474552955,
        "nauc_precision_at_1_std": -0.3861874660150203,
        "nauc_precision_at_20_diff1": 0.4774325731227194,
        "nauc_precision_at_20_max": 0.3888924821144299,
        "nauc_precision_at_20_std": -0.3449239198242436,
        "nauc_precision_at_3_diff1": 0.6183374242104068,
        "nauc_precision_at_3_max": 0.3119618871134665,
        "nauc_precision_at_3_std": -0.43467194416900984,
        "nauc_precision_at_5_diff1": 0.5995192196565193,
        "nauc_precision_at_5_max": 0.30736570510597944,
        "nauc_precision_at_5_std": -0.42714473106349543,
        "nauc_recall_at_1000_diff1": -1.1517273576096938,
        "nauc_recall_at_1000_max": 0.7222222222222368,
        "nauc_recall_at_1000_std": 1.0,
        "nauc_recall_at_100_diff1": 0.4296749002631363,
        "nauc_recall_at_100_max": 0.46365334012392984,
        "nauc_recall_at_100_std": -0.23215346744758203,
        "nauc_recall_at_10_diff1": 0.5381379366160607,
        "nauc_recall_at_10_max": 0.3337503625118868,
        "nauc_recall_at_10_std": -0.4377204578103612,
        "nauc_recall_at_1_diff1": 0.7201623232943272,
        "nauc_recall_at_1_max": 0.32343448474552955,
        "nauc_recall_at_1_std": -0.3861874660150203,
        "nauc_recall_at_20_diff1": 0.47743257312271936,
        "nauc_recall_at_20_max": 0.38889248211443017,
        "nauc_recall_at_20_std": -0.34492391982424253,
        "nauc_recall_at_3_diff1": 0.6183374242104064,
        "nauc_recall_at_3_max": 0.31196188711346606,
        "nauc_recall_at_3_std": -0.4346719441690101,
        "nauc_recall_at_5_diff1": 0.5995192196565194,
        "nauc_recall_at_5_max": 0.30736570510597977,
        "nauc_recall_at_5_std": -0.4271447310634951,
        "ndcg_at_1": 0.383,
        "ndcg_at_10": 0.51544,
        "ndcg_at_100": 0.57212,
        "ndcg_at_1000": 0.5793,
        "ndcg_at_20": 0.53595,
        "ndcg_at_3": 0.46128,
        "ndcg_at_5": 0.4859,
        "precision_at_1": 0.383,
        "precision_at_10": 0.0668,
        "precision_at_100": 0.00945,
        "precision_at_1000": 0.001,
        "precision_at_20": 0.03745,
        "precision_at_3": 0.172,
        "precision_at_5": 0.1152,
        "recall_at_1": 0.383,
        "recall_at_10": 0.668,
        "recall_at_100": 0.945,
        "recall_at_1000": 0.999,
        "recall_at_20": 0.749,
        "recall_at_3": 0.516,
        "recall_at_5": 0.576
      }
    ]
  },
  "task_name": "KorMarketReportRetrieval"
}