{
  "dataset_revision": "main",
  "evaluation_time": 20.416518449783325,
  "kg_co2_emissions": null,
  "mteb_version": "1.12.49",
  "scores": {
    "train": [
      {
        "hf_subset": "default",
        "languages": [
          "kor-Hang"
        ],
        "main_score": 0.55135,
        "map_at_1": 0.423,
        "map_at_10": 0.50477,
        "map_at_100": 0.51496,
        "map_at_1000": 0.51533,
        "map_at_20": 0.51088,
        "map_at_3": 0.47817,
        "map_at_5": 0.49287,
        "mrr_at_1": 0.423,
        "mrr_at_10": 0.5047694444444443,
        "mrr_at_100": 0.5149580022443533,
        "mrr_at_1000": 0.5153293255130202,
        "mrr_at_20": 0.5108819186446503,
        "mrr_at_3": 0.4781666666666664,
        "mrr_at_5": 0.4928666666666662,
        "nauc_map_at_1000_diff1": 0.6825709101507578,
        "nauc_map_at_1000_max": 0.25255837761536376,
        "nauc_map_at_1000_std": -0.47331039760741556,
        "nauc_map_at_100_diff1": 0.682377622602609,
        "nauc_map_at_100_max": 0.25269775176088705,
        "nauc_map_at_100_std": -0.47337890017580225,
        "nauc_map_at_10_diff1": 0.6803918285243938,
        "nauc_map_at_10_max": 0.25134356019757986,
        "nauc_map_at_10_std": -0.4729700635613282,
        "nauc_map_at_1_diff1": 0.7289111528885467,
        "nauc_map_at_1_max": 0.2531310371313174,
        "nauc_map_at_1_std": -0.44055862399140566,
        "nauc_map_at_20_diff1": 0.6807631314392056,
        "nauc_map_at_20_max": 0.25204007957659214,
        "nauc_map_at_20_std": -0.4750573178049922,
        "nauc_map_at_3_diff1": 0.6940829537783486,
        "nauc_map_at_3_max": 0.25335359310442734,
        "nauc_map_at_3_std": -0.4685264470912201,
        "nauc_map_at_5_diff1": 0.684002267377403,
        "nauc_map_at_5_max": 0.25165876867465936,
        "nauc_map_at_5_std": -0.47470819095752076,
        "nauc_mrr_at_1000_diff1": 0.6825709101507578,
        "nauc_mrr_at_1000_max": 0.25255837761536376,
        "nauc_mrr_at_1000_std": -0.47331039760741556,
        "nauc_mrr_at_100_diff1": 0.682377622602609,
        "nauc_mrr_at_100_max": 0.25269775176088705,
        "nauc_mrr_at_100_std": -0.47337890017580225,
        "nauc_mrr_at_10_diff1": 0.6803918285243938,
        "nauc_mrr_at_10_max": 0.25134356019757986,
        "nauc_mrr_at_10_std": -0.4729700635613282,
        "nauc_mrr_at_1_diff1": 0.7289111528885467,
        "nauc_mrr_at_1_max": 0.2531310371313174,
        "nauc_mrr_at_1_std": -0.44055862399140566,
        "nauc_mrr_at_20_diff1": 0.6807631314392056,
        "nauc_mrr_at_20_max": 0.25204007957659214,
        "nauc_mrr_at_20_std": -0.4750573178049922,
        "nauc_mrr_at_3_diff1": 0.6940829537783486,
        "nauc_mrr_at_3_max": 0.25335359310442734,
        "nauc_mrr_at_3_std": -0.4685264470912201,
        "nauc_mrr_at_5_diff1": 0.684002267377403,
        "nauc_mrr_at_5_max": 0.25165876867465936,
        "nauc_mrr_at_5_std": -0.47470819095752076,
        "nauc_ndcg_at_1000_diff1": 0.6704105385497138,
        "nauc_ndcg_at_1000_max": 0.2545210079720431,
        "nauc_ndcg_at_1000_std": -0.47837986183288167,
        "nauc_ndcg_at_100_diff1": 0.6658829050878123,
        "nauc_ndcg_at_100_max": 0.2595188680958001,
        "nauc_ndcg_at_100_std": -0.4787070810556748,
        "nauc_ndcg_at_10_diff1": 0.6531535701067008,
        "nauc_ndcg_at_10_max": 0.24944117490501722,
        "nauc_ndcg_at_10_std": -0.48498173428636016,
        "nauc_ndcg_at_1_diff1": 0.7289111528885467,
        "nauc_ndcg_at_1_max": 0.2531310371313174,
        "nauc_ndcg_at_1_std": -0.44055862399140566,
        "nauc_ndcg_at_20_diff1": 0.6530526578239433,
        "nauc_ndcg_at_20_max": 0.252889459864838,
        "nauc_ndcg_at_20_std": -0.49132000916858765,
        "nauc_ndcg_at_3_diff1": 0.6828436839434602,
        "nauc_ndcg_at_3_max": 0.2534172805004054,
        "nauc_ndcg_at_3_std": -0.47779259244893574,
        "nauc_ndcg_at_5_diff1": 0.663763158837462,
        "nauc_ndcg_at_5_max": 0.2504098769822323,
        "nauc_ndcg_at_5_std": -0.4888758182213609,
        "nauc_precision_at_1000_diff1": -0.17133520074729397,
        "nauc_precision_at_1000_max": 1.0,
        "nauc_precision_at_1000_std": 0.869281045751619,
        "nauc_precision_at_100_diff1": 0.5036965605914495,
        "nauc_precision_at_100_max": 0.44927369855045735,
        "nauc_precision_at_100_std": -0.45499839279974413,
        "nauc_precision_at_10_diff1": 0.5411189172491159,
        "nauc_precision_at_10_max": 0.2411512538094815,
        "nauc_precision_at_10_std": -0.5295771136639137,
        "nauc_precision_at_1_diff1": 0.7289111528885467,
        "nauc_precision_at_1_max": 0.2531310371313174,
        "nauc_precision_at_1_std": -0.44055862399140566,
        "nauc_precision_at_20_diff1": 0.5030105561834225,
        "nauc_precision_at_20_max": 0.2619183879577754,
        "nauc_precision_at_20_std": -0.5750619183879584,
        "nauc_precision_at_3_diff1": 0.6489482740260398,
        "nauc_precision_at_3_max": 0.25360663823204693,
        "nauc_precision_at_3_std": -0.5058177008311796,
        "nauc_precision_at_5_diff1": 0.5954593852383692,
        "nauc_precision_at_5_max": 0.24598819203212746,
        "nauc_precision_at_5_std": -0.5358651455338879,
        "nauc_recall_at_1000_diff1": -0.1713352007469462,
        "nauc_recall_at_1000_max": 1.0,
        "nauc_recall_at_1000_std": 0.8692810457516946,
        "nauc_recall_at_100_diff1": 0.5036965605914493,
        "nauc_recall_at_100_max": 0.4492736985504579,
        "nauc_recall_at_100_std": -0.4549983927997425,
        "nauc_recall_at_10_diff1": 0.5411189172491164,
        "nauc_recall_at_10_max": 0.24115125380948155,
        "nauc_recall_at_10_std": -0.5295771136639132,
        "nauc_recall_at_1_diff1": 0.7289111528885467,
        "nauc_recall_at_1_max": 0.2531310371313174,
        "nauc_recall_at_1_std": -0.44055862399140566,
        "nauc_recall_at_20_diff1": 0.5030105561834226,
        "nauc_recall_at_20_max": 0.2619183879577748,
        "nauc_recall_at_20_std": -0.575061918387958,
        "nauc_recall_at_3_diff1": 0.6489482740260393,
        "nauc_recall_at_3_max": 0.2536066382320466,
        "nauc_recall_at_3_std": -0.5058177008311802,
        "nauc_recall_at_5_diff1": 0.5954593852383695,
        "nauc_recall_at_5_max": 0.24598819203212774,
        "nauc_recall_at_5_std": -0.5358651455338871,
        "ndcg_at_1": 0.423,
        "ndcg_at_10": 0.55135,
        "ndcg_at_100": 0.60191,
        "ndcg_at_1000": 0.60999,
        "ndcg_at_20": 0.57377,
        "ndcg_at_3": 0.49611,
        "ndcg_at_5": 0.52274,
        "precision_at_1": 0.423,
        "precision_at_10": 0.0701,
        "precision_at_100": 0.00939,
        "precision_at_1000": 0.001,
        "precision_at_20": 0.0395,
        "precision_at_3": 0.18267,
        "precision_at_5": 0.1226,
        "recall_at_1": 0.423,
        "recall_at_10": 0.701,
        "recall_at_100": 0.939,
        "recall_at_1000": 0.999,
        "recall_at_20": 0.79,
        "recall_at_3": 0.548,
        "recall_at_5": 0.613
      }
    ]
  },
  "task_name": "KorNewsRetrieval"
}