{
  "dataset_revision": "main",
  "evaluation_time": 12.239181995391846,
  "kg_co2_emissions": null,
  "mteb_version": "1.12.49",
  "scores": {
    "train": [
      {
        "cosine": {
          "accuracy": 0.834,
          "accuracy_threshold": 0.9590438009377453,
          "ap": 0.4767822796230918,
          "f1": 0.45555555555555555,
          "f1_threshold": 0.9488220366046469,
          "precision": 0.5125,
          "recall": 0.41
        },
        "dot": {
          "accuracy": 0.835,
          "accuracy_threshold": 0.95947265625,
          "ap": 0.47508191401790034,
          "f1": 0.45843828715365237,
          "f1_threshold": 0.9453125,
          "precision": 0.4619289340101523,
          "recall": 0.455
        },
        "euclidean": {
          "accuracy": 0.834,
          "accuracy_threshold": 0.2861994487190452,
          "ap": 0.4767780498560825,
          "f1": 0.45555555555555555,
          "f1_threshold": 0.31994115459989303,
          "precision": 0.5125,
          "recall": 0.41
        },
        "hf_subset": "default",
        "languages": [
          "kor-Hang"
        ],
        "main_score": 0.49368159513617105,
        "manhattan": {
          "accuracy": 0.836,
          "accuracy_threshold": 14.064829677343369,
          "ap": 0.49368159513617105,
          "f1": 0.4721485411140584,
          "f1_threshold": 16.043646782636642,
          "precision": 0.5028248587570622,
          "recall": 0.445
        },
        "max": {
          "accuracy": 0.836,
          "ap": 0.49368159513617105,
          "f1": 0.4721485411140584
        },
        "similarity": {
          "accuracy": 0.834,
          "accuracy_threshold": 0.9590438009377453,
          "ap": 0.4767822796230918,
          "f1": 0.45555555555555555,
          "f1_threshold": 0.9488220366046469,
          "precision": 0.5125,
          "recall": 0.41
        }
      }
    ]
  },
  "task_name": "KorOpnionHeadlineACPairClassification"
}