{
  "dataset_revision": "main",
  "evaluation_time": 21.105345010757446,
  "kg_co2_emissions": null,
  "mteb_version": "1.12.49",
  "scores": {
    "train": [
      {
        "hf_subset": "default",
        "languages": [
          "kor-Hang"
        ],
        "main_score": 0.64225,
        "map_at_1": 0.535,
        "map_at_10": 0.60435,
        "map_at_100": 0.61171,
        "map_at_1000": 0.61208,
        "map_at_20": 0.60861,
        "map_at_3": 0.58283,
        "map_at_5": 0.59628,
        "mrr_at_1": 0.535,
        "mrr_at_10": 0.6043535714285713,
        "mrr_at_100": 0.6117077918473146,
        "mrr_at_1000": 0.6120814650210161,
        "mrr_at_20": 0.6086060766375008,
        "mrr_at_3": 0.5828333333333331,
        "mrr_at_5": 0.5962833333333334,
        "nauc_map_at_1000_diff1": 0.72740081379934,
        "nauc_map_at_1000_max": 0.6408498832352888,
        "nauc_map_at_1000_std": -0.2599854804593725,
        "nauc_map_at_100_diff1": 0.7270605514980105,
        "nauc_map_at_100_max": 0.6408533952860122,
        "nauc_map_at_100_std": -0.2601121987512168,
        "nauc_map_at_10_diff1": 0.72696908348641,
        "nauc_map_at_10_max": 0.6429590035381617,
        "nauc_map_at_10_std": -0.2566834361323839,
        "nauc_map_at_1_diff1": 0.7716771113306756,
        "nauc_map_at_1_max": 0.6242187230102746,
        "nauc_map_at_1_std": -0.26280478957514314,
        "nauc_map_at_20_diff1": 0.7259674007287232,
        "nauc_map_at_20_max": 0.6412981401336074,
        "nauc_map_at_20_std": -0.25984269793205433,
        "nauc_map_at_3_diff1": 0.7382030735501247,
        "nauc_map_at_3_max": 0.6423991118645573,
        "nauc_map_at_3_std": -0.2580772592606565,
        "nauc_map_at_5_diff1": 0.7287098601604016,
        "nauc_map_at_5_max": 0.6411534597412519,
        "nauc_map_at_5_std": -0.25590051123234236,
        "nauc_mrr_at_1000_diff1": 0.72740081379934,
        "nauc_mrr_at_1000_max": 0.6408498832352888,
        "nauc_mrr_at_1000_std": -0.2599854804593725,
        "nauc_mrr_at_100_diff1": 0.7270605514980105,
        "nauc_mrr_at_100_max": 0.6408533952860122,
        "nauc_mrr_at_100_std": -0.2601121987512168,
        "nauc_mrr_at_10_diff1": 0.72696908348641,
        "nauc_mrr_at_10_max": 0.6429590035381617,
        "nauc_mrr_at_10_std": -0.2566834361323839,
        "nauc_mrr_at_1_diff1": 0.7716771113306756,
        "nauc_mrr_at_1_max": 0.6242187230102746,
        "nauc_mrr_at_1_std": -0.26280478957514314,
        "nauc_mrr_at_20_diff1": 0.7259674007287232,
        "nauc_mrr_at_20_max": 0.6412981401336074,
        "nauc_mrr_at_20_std": -0.25984269793205433,
        "nauc_mrr_at_3_diff1": 0.7382030735501247,
        "nauc_mrr_at_3_max": 0.6423991118645573,
        "nauc_mrr_at_3_std": -0.2580772592606565,
        "nauc_mrr_at_5_diff1": 0.7287098601604016,
        "nauc_mrr_at_5_max": 0.6411534597412519,
        "nauc_mrr_at_5_std": -0.25590051123234236,
        "nauc_ndcg_at_1000_diff1": 0.7154250720342593,
        "nauc_ndcg_at_1000_max": 0.6420015999510221,
        "nauc_ndcg_at_1000_std": -0.26206426058271776,
        "nauc_ndcg_at_100_diff1": 0.7070271620327409,
        "nauc_ndcg_at_100_max": 0.6416109488123835,
        "nauc_ndcg_at_100_std": -0.2657313214250758,
        "nauc_ndcg_at_10_diff1": 0.7033441562220368,
        "nauc_ndcg_at_10_max": 0.6497753619397986,
        "nauc_ndcg_at_10_std": -0.2545929731266524,
        "nauc_ndcg_at_1_diff1": 0.7716771113306756,
        "nauc_ndcg_at_1_max": 0.6242187230102746,
        "nauc_ndcg_at_1_std": -0.26280478957514314,
        "nauc_ndcg_at_20_diff1": 0.6986148948673452,
        "nauc_ndcg_at_20_max": 0.643319451022056,
        "nauc_ndcg_at_20_std": -0.26648586086768244,
        "nauc_ndcg_at_3_diff1": 0.7274664728688686,
        "nauc_ndcg_at_3_max": 0.6479823569756774,
        "nauc_ndcg_at_3_std": -0.2558692655366983,
        "nauc_ndcg_at_5_diff1": 0.7089534703963456,
        "nauc_ndcg_at_5_max": 0.6455694015567417,
        "nauc_ndcg_at_5_std": -0.2517915648435648,
        "nauc_precision_at_1000_diff1": 0.869281045751619,
        "nauc_precision_at_1000_max": 0.35807656395873844,
        "nauc_precision_at_1000_std": 0.35807656395873844,
        "nauc_precision_at_100_diff1": 0.47767722473604884,
        "nauc_precision_at_100_max": 0.623098470157293,
        "nauc_precision_at_100_std": -0.3611147022911762,
        "nauc_precision_at_10_diff1": 0.599297699715277,
        "nauc_precision_at_10_max": 0.6781109127500055,
        "nauc_precision_at_10_std": -0.24787878655446885,
        "nauc_precision_at_1_diff1": 0.7716771113306756,
        "nauc_precision_at_1_max": 0.6242187230102746,
        "nauc_precision_at_1_std": -0.26280478957514314,
        "nauc_precision_at_20_diff1": 0.5410124897224073,
        "nauc_precision_at_20_max": 0.6444036758824739,
        "nauc_precision_at_20_std": -0.3198386907325492,
        "nauc_precision_at_3_diff1": 0.693879976042097,
        "nauc_precision_at_3_max": 0.6653585094715623,
        "nauc_precision_at_3_std": -0.2487125838406187,
        "nauc_precision_at_5_diff1": 0.6370937708348847,
        "nauc_precision_at_5_max": 0.6600055589971275,
        "nauc_precision_at_5_std": -0.23664614439949344,
        "nauc_recall_at_1000_diff1": 0.8692810457516946,
        "nauc_recall_at_1000_max": 0.3580765639589976,
        "nauc_recall_at_1000_std": 0.3580765639589976,
        "nauc_recall_at_100_diff1": 0.47767722473604873,
        "nauc_recall_at_100_max": 0.6230984701572928,
        "nauc_recall_at_100_std": -0.36111470229117276,
        "nauc_recall_at_10_diff1": 0.5992976997152777,
        "nauc_recall_at_10_max": 0.6781109127500068,
        "nauc_recall_at_10_std": -0.2478787865544676,
        "nauc_recall_at_1_diff1": 0.7716771113306756,
        "nauc_recall_at_1_max": 0.6242187230102746,
        "nauc_recall_at_1_std": -0.26280478957514314,
        "nauc_recall_at_20_diff1": 0.5410124897224078,
        "nauc_recall_at_20_max": 0.6444036758824746,
        "nauc_recall_at_20_std": -0.31983869073254767,
        "nauc_recall_at_3_diff1": 0.6938799760420964,
        "nauc_recall_at_3_max": 0.6653585094715614,
        "nauc_recall_at_3_std": -0.24871258384061865,
        "nauc_recall_at_5_diff1": 0.6370937708348855,
        "nauc_recall_at_5_max": 0.6600055589971281,
        "nauc_recall_at_5_std": -0.23664614439949183,
        "ndcg_at_1": 0.535,
        "ndcg_at_10": 0.64225,
        "ndcg_at_100": 0.67872,
        "ndcg_at_1000": 0.68726,
        "ndcg_at_20": 0.65753,
        "ndcg_at_3": 0.5983,
        "ndcg_at_5": 0.62278,
        "precision_at_1": 0.535,
        "precision_at_10": 0.0763,
        "precision_at_100": 0.00935,
        "precision_at_1000": 0.001,
        "precision_at_20": 0.04115,
        "precision_at_3": 0.21433,
        "precision_at_5": 0.1406,
        "recall_at_1": 0.535,
        "recall_at_10": 0.763,
        "recall_at_100": 0.935,
        "recall_at_1000": 0.999,
        "recall_at_20": 0.823,
        "recall_at_3": 0.643,
        "recall_at_5": 0.703
      }
    ]
  },
  "task_name": "KorTATQARetrieval"
}