{
  "dataset_revision": "main",
  "evaluation_time": 12.865354061126709,
  "kg_co2_emissions": null,
  "mteb_version": "1.12.49",
  "scores": {
    "train": [
      {
        "cosine_pearson": 0.06941315853093025,
        "cosine_spearman": -0.000910983564325027,
        "euclidean_pearson": -0.006255586218858938,
        "euclidean_spearman": -0.0009216383428551442,
        "hf_subset": "default",
        "languages": [
          "kor-Hang"
        ],
        "main_score": -0.000910983564325027,
        "manhattan_pearson": -0.00599057089267549,
        "manhattan_spearman": -0.0003516076914938701,
        "pearson": 0.06941315853093025,
        "spearman": -0.000910983564325027
      }
    ]
  },
  "task_name": "KorFinSTS"
}