{
  "dataset_revision": "main",
  "evaluation_time": 11.72534465789795,
  "kg_co2_emissions": null,
  "mteb_version": "1.12.49",
  "scores": {
    "test": [
      {
        "hf_subset": "default",
        "languages": [
          "kor-Hang"
        ],
        "main_score": 0.4198395743145743,
        "map": 0.4198395743145743,
        "mrr": 0.41511230158730156,
        "nAUC_map_diff1": 0.3456635866890487,
        "nAUC_map_max": 0.09236388883810227,
        "nAUC_map_std": 0.13651762220018787,
        "nAUC_mrr_diff1": 0.3428824639152268,
        "nAUC_mrr_max": 0.09171840872360508,
        "nAUC_mrr_std": 0.13548128836841114
      }
    ]
  },
  "task_name": "FiQA2018Reranking"
}