{
  "dataset_revision": "main",
  "evaluation_time": 5.692530870437622,
  "kg_co2_emissions": null,
  "mteb_version": "1.12.49",
  "scores": {
    "test": [
      {
        "cosine": {
          "accuracy": 0.7254632807137955,
          "accuracy_threshold": 0.05691590905189514,
          "ap": 0.7253211411013942,
          "f1": 0.8408403628839726,
          "f1_threshold": 0.05691590905189514,
          "precision": 0.7254875034331227,
          "recall": 0.9998107494322483
        },
        "dot": {
          "accuracy": 0.7254632807137955,
          "accuracy_threshold": 0.056915830820798874,
          "ap": 0.7253211513535034,
          "f1": 0.8408403628839726,
          "f1_threshold": 0.056915830820798874,
          "precision": 0.7254875034331227,
          "recall": 0.9998107494322483
        },
        "euclidean": {
          "accuracy": 0.7254632807137955,
          "accuracy_threshold": 1.373349905014038,
          "ap": 0.7253211777114841,
          "f1": 0.8408403628839726,
          "f1_threshold": 1.373349905014038,
          "precision": 0.7254875034331227,
          "recall": 0.9998107494322483
        },
        "hf_subset": "default",
        "languages": [
          "kor-Hang"
        ],
        "main_score": 0.7256792193621596,
        "manhattan": {
          "accuracy": 0.7254632807137955,
          "accuracy_threshold": 21.045536041259766,
          "ap": 0.7256792193621596,
          "f1": 0.8408403628839726,
          "f1_threshold": 21.76876449584961,
          "precision": 0.7254875034331227,
          "recall": 0.9998107494322483
        },
        "max": {
          "accuracy": 0.7254632807137955,
          "ap": 0.7256792193621596,
          "f1": 0.8408403628839726
        },
        "similarity": {
          "accuracy": 0.7254632807137955,
          "accuracy_threshold": 0.056915827095508575,
          "ap": 0.7253211343756021,
          "f1": 0.8408403628839726,
          "f1_threshold": 0.056915827095508575,
          "precision": 0.7254875034331227,
          "recall": 0.9998107494322483
        }
      }
    ]
  },
  "task_name": "HeadlineACPairClassification"
}