{
  "dataset_revision": "main",
  "evaluation_time": 2.7081453800201416,
  "kg_co2_emissions": null,
  "mteb_version": "1.12.49",
  "scores": {
    "train": [
      {
        "hf_subset": "default",
        "languages": [
          "kor-Hang"
        ],
        "main_score": 0.01572,
        "map_at_1": 0.01,
        "map_at_10": 0.0135,
        "map_at_100": 0.01543,
        "map_at_1000": 0.01772,
        "map_at_20": 0.01392,
        "map_at_3": 0.01217,
        "map_at_5": 0.01287,
        "mrr_at_1": 0.01,
        "mrr_at_10": 0.013501190476190477,
        "mrr_at_100": 0.01542995470818294,
        "mrr_at_1000": 0.0177269006228237,
        "mrr_at_20": 0.013921447893351918,
        "mrr_at_3": 0.012166666666666668,
        "mrr_at_5": 0.012866666666666667,
        "nauc_map_at_1000_diff1": 0.6531178881571048,
        "nauc_map_at_1000_max": -0.05859588153376844,
        "nauc_map_at_1000_std": -0.12633744907097028,
        "nauc_map_at_100_diff1": 0.6699400975157275,
        "nauc_map_at_100_max": -0.06098655809584787,
        "nauc_map_at_100_std": -0.13167100453774674,
        "nauc_map_at_10_diff1": 0.7486343953581612,
        "nauc_map_at_10_max": -0.07360343155860545,
        "nauc_map_at_10_std": -0.15304304043254385,
        "nauc_map_at_1_diff1": 0.8584920847866915,
        "nauc_map_at_1_max": -0.031660853233163526,
        "nauc_map_at_1_std": -0.22602629460692253,
        "nauc_map_at_20_diff1": 0.7299825720257235,
        "nauc_map_at_20_max": -0.06787167792471031,
        "nauc_map_at_20_std": -0.15002896210230127,
        "nauc_map_at_3_diff1": 0.8220648286660469,
        "nauc_map_at_3_max": -0.08133538671890798,
        "nauc_map_at_3_std": -0.17688397513884238,
        "nauc_map_at_5_diff1": 0.7856323620798232,
        "nauc_map_at_5_max": -0.08463342003667405,
        "nauc_map_at_5_std": -0.16518793678951096,
        "nauc_mrr_at_1000_diff1": 0.6527774839272652,
        "nauc_mrr_at_1000_max": -0.058518431600083784,
        "nauc_mrr_at_1000_std": -0.1262088475962428,
        "nauc_mrr_at_100_diff1": 0.6696225965690022,
        "nauc_mrr_at_100_max": -0.06092225832696642,
        "nauc_mrr_at_100_std": -0.1315453382326501,
        "nauc_mrr_at_10_diff1": 0.7486343953581612,
        "nauc_mrr_at_10_max": -0.07360343155860545,
        "nauc_mrr_at_10_std": -0.15304304043254385,
        "nauc_mrr_at_1_diff1": 0.8584920847866915,
        "nauc_mrr_at_1_max": -0.031660853233163526,
        "nauc_mrr_at_1_std": -0.22602629460692253,
        "nauc_mrr_at_20_diff1": 0.7299825720257235,
        "nauc_mrr_at_20_max": -0.06787167792471031,
        "nauc_mrr_at_20_std": -0.15002896210230127,
        "nauc_mrr_at_3_diff1": 0.8220648286660469,
        "nauc_mrr_at_3_max": -0.08133538671890798,
        "nauc_mrr_at_3_std": -0.17688397513884238,
        "nauc_mrr_at_5_diff1": 0.7856323620798232,
        "nauc_mrr_at_5_max": -0.08463342003667405,
        "nauc_mrr_at_5_std": -0.16518793678951096,
        "nauc_ndcg_at_1000_diff1": 0.43672167588984295,
        "nauc_ndcg_at_1000_max": -0.032478357212465434,
        "nauc_ndcg_at_1000_std": -0.05828854246730312,
        "nauc_ndcg_at_100_diff1": 0.3933511891431302,
        "nauc_ndcg_at_100_max": -0.025681521664012698,
        "nauc_ndcg_at_100_std": -0.044342669650948054,
        "nauc_ndcg_at_10_diff1": 0.6800422280423135,
        "nauc_ndcg_at_10_max": -0.07129996306092919,
        "nauc_ndcg_at_10_std": -0.11816330238126342,
        "nauc_ndcg_at_1_diff1": 0.8584920847866915,
        "nauc_ndcg_at_1_max": -0.031660853233163526,
        "nauc_ndcg_at_1_std": -0.22602629460692253,
        "nauc_ndcg_at_20_diff1": 0.6242401721787512,
        "nauc_ndcg_at_20_max": -0.050778961160018066,
        "nauc_ndcg_at_20_std": -0.10871559787332728,
        "nauc_ndcg_at_3_diff1": 0.8168573296741564,
        "nauc_ndcg_at_3_max": -0.09522861802773085,
        "nauc_ndcg_at_3_std": -0.1631653034191933,
        "nauc_ndcg_at_5_diff1": 0.7567977770617724,
        "nauc_ndcg_at_5_max": -0.09863382587482877,
        "nauc_ndcg_at_5_std": -0.14521922986728364,
        "nauc_precision_at_1000_diff1": -1.1517273576102791,
        "nauc_precision_at_1000_max": 0.35807656395873844,
        "nauc_precision_at_1000_std": 0.35807656395873844,
        "nauc_precision_at_100_diff1": 0.17818488678768132,
        "nauc_precision_at_100_max": 0.0032748218073715097,
        "nauc_precision_at_100_std": 0.01872764527666968,
        "nauc_precision_at_10_diff1": 0.5395760665414543,
        "nauc_precision_at_10_max": -0.059297021733297504,
        "nauc_precision_at_10_std": -0.04852953185333814,
        "nauc_precision_at_1_diff1": 0.8584920847866915,
        "nauc_precision_at_1_max": -0.031660853233163526,
        "nauc_precision_at_1_std": -0.22602629460692253,
        "nauc_precision_at_20_diff1": 0.42882784526706336,
        "nauc_precision_at_20_max": -0.008780289222171866,
        "nauc_precision_at_20_std": -0.03627767549013258,
        "nauc_precision_at_3_diff1": 0.8056882210893479,
        "nauc_precision_at_3_max": -0.12818173687505602,
        "nauc_precision_at_3_std": -0.13063232269027822,
        "nauc_precision_at_5_diff1": 0.6915749932921921,
        "nauc_precision_at_5_max": -0.12780609963330633,
        "nauc_precision_at_5_std": -0.10183942998539176,
        "nauc_recall_at_1000_diff1": -1.1517273576096938,
        "nauc_recall_at_1000_max": 0.3580765639589976,
        "nauc_recall_at_1000_std": 0.3580765639589976,
        "nauc_recall_at_100_diff1": 0.1781848867876811,
        "nauc_recall_at_100_max": 0.003274821807371369,
        "nauc_recall_at_100_std": 0.01872764527666968,
        "nauc_recall_at_10_diff1": 0.5395760665414541,
        "nauc_recall_at_10_max": -0.05929702173329749,
        "nauc_recall_at_10_std": -0.0485295318533381,
        "nauc_recall_at_1_diff1": 0.8584920847866915,
        "nauc_recall_at_1_max": -0.031660853233163526,
        "nauc_recall_at_1_std": -0.22602629460692253,
        "nauc_recall_at_20_diff1": 0.4288278452670631,
        "nauc_recall_at_20_max": -0.008780289222171845,
        "nauc_recall_at_20_std": -0.03627767549013256,
        "nauc_recall_at_3_diff1": 0.8056882210893482,
        "nauc_recall_at_3_max": -0.12818173687505593,
        "nauc_recall_at_3_std": -0.1306323226902781,
        "nauc_recall_at_5_diff1": 0.6915749932921923,
        "nauc_recall_at_5_max": -0.1278060996333065,
        "nauc_recall_at_5_std": -0.1018394299853918,
        "ndcg_at_1": 0.01,
        "ndcg_at_10": 0.01572,
        "ndcg_at_100": 0.03054,
        "ndcg_at_1000": 0.13197,
        "ndcg_at_20": 0.01724,
        "ndcg_at_3": 0.01289,
        "ndcg_at_5": 0.01414,
        "precision_at_1": 0.01,
        "precision_at_10": 0.0023,
        "precision_at_100": 0.00106,
        "precision_at_1000": 0.001,
        "precision_at_20": 0.00145,
        "precision_at_3": 0.005,
        "precision_at_5": 0.0036,
        "recall_at_1": 0.01,
        "recall_at_10": 0.023,
        "recall_at_100": 0.106,
        "recall_at_1000": 0.999,
        "recall_at_20": 0.029,
        "recall_at_3": 0.015,
        "recall_at_5": 0.018
      }
    ]
  },
  "task_name": "KorBoKDictRetrieval"
}