{
  "dataset_revision": "main",
  "evaluation_time": 1.1514768600463867,
  "kg_co2_emissions": null,
  "mteb_version": "1.12.49",
  "scores": {
    "test": [
      {
        "cosine_pearson": -0.10091184753069318,
        "cosine_spearman": -0.056148676362066524,
        "euclidean_pearson": -0.08067547092630391,
        "euclidean_spearman": -0.056416606515365286,
        "hf_subset": "default",
        "languages": [
          "eng-Latn",
          "kor-Hang",
          "zho-Hans"
        ],
        "main_score": -0.056148676362066524,
        "manhattan_pearson": -0.08183664060331541,
        "manhattan_spearman": -0.05713528940091135,
        "pearson": [
          -0.10091449363837073,
          0.09309573143930669
        ],
        "spearman": [
          -0.0555185242410045,
          0.35641413702079094
        ]
      }
    ]
  },
  "task_name": "KorFinSTS"
}