{
  "dataset_revision": "main",
  "evaluation_time": 2.456510305404663,
  "kg_co2_emissions": null,
  "mteb_version": "1.12.49",
  "scores": {
    "test": [
      {
        "cosine_pearson": -0.07508424590436952,
        "cosine_spearman": -0.05253038272790272,
        "euclidean_pearson": -0.06814728912338695,
        "euclidean_spearman": -0.052697775593166706,
        "hf_subset": "default",
        "languages": [
          "kor-Hang"
        ],
        "main_score": -0.05253038272790272,
        "manhattan_pearson": -0.06909610153269281,
        "manhattan_spearman": -0.053033074271384095,
        "pearson": [
          -0.07508526529990249,
          0.09417994603133659
        ],
        "spearman": [
          -0.05223678558940187,
          0.24459557820590064
        ]
      }
    ]
  },
  "task_name": "KorFinSTS"
}