{
  "dataset_revision": "main",
  "evaluation_time": 67.08337879180908,
  "kg_co2_emissions": null,
  "mteb_version": "1.12.49",
  "scores": {
    "test": [
      {
        "hf_subset": "default",
        "languages": [
          "kor-Hang"
        ],
        "main_score": 0.42788222278420285,
        "map": 0.42788222278420285,
        "mrr": 0.4254913113572359,
        "nAUC_map_diff1": 0.31696323743238136,
        "nAUC_map_max": -0.23177161542479888,
        "nAUC_map_std": 0.154364146953751,
        "nAUC_mrr_diff1": 0.31346811219573256,
        "nAUC_mrr_max": -0.22933312798458494,
        "nAUC_mrr_std": 0.15645238935603942
      }
    ]
  },
  "task_name": "KorFiQA2018Reranking"
}