{
  "dataset_revision": "main",
  "evaluation_time": 67.27174067497253,
  "kg_co2_emissions": null,
  "mteb_version": "1.12.49",
  "scores": {
    "test": [
      {
        "hf_subset": "default",
        "languages": [
          "kor-Hang"
        ],
        "main_score": 0.42788495924147585,
        "map": 0.42788495924147585,
        "mrr": 0.4254940478145089,
        "nAUC_map_diff1": 0.31696664727605994,
        "nAUC_map_max": -0.2317736571982281,
        "nAUC_map_std": 0.15435694592577884,
        "nAUC_mrr_diff1": 0.3134714746904192,
        "nAUC_mrr_max": -0.2293351401906017,
        "nAUC_mrr_std": 0.15644526970992131
      }
    ]
  },
  "task_name": "KorFiQA2018Reranking"
}