{
  "dataset_revision": "main",
  "evaluation_time": 2.5389435291290283,
  "kg_co2_emissions": null,
  "mteb_version": "1.12.49",
  "scores": {
    "train": [
      {
        "cosine_pearson": -0.07088551903114593,
        "cosine_spearman": -0.05571759171619294,
        "euclidean_pearson": -0.08088844726406115,
        "euclidean_spearman": -0.05580100916147378,
        "hf_subset": "default",
        "languages": [
          "kor-Hang"
        ],
        "main_score": -0.05571759171619294,
        "manhattan_pearson": -0.08171206862706368,
        "manhattan_spearman": -0.05613498028862474,
        "pearson": [
          -0.0708859193224673,
          0.11376599191003674
        ],
        "spearman": [
          -0.05542514711447276,
          0.216477461461987
        ]
      }
    ]
  },
  "task_name": "KorFinSTS"
}