{
  "dataset_revision": "main",
  "evaluation_time": 2.4782307147979736,
  "kg_co2_emissions": null,
  "mteb_version": "1.12.49",
  "scores": {
    "train": [
      {
        "hf_subset": "default",
        "languages": [
          "kor-Hang"
        ],
        "main_score": 0.01806,
        "map_at_1": 0.007,
        "map_at_10": 0.01435,
        "map_at_100": 0.01641,
        "map_at_1000": 0.0187,
        "map_at_20": 0.01496,
        "map_at_3": 0.01267,
        "map_at_5": 0.01337,
        "mrr_at_1": 0.007,
        "mrr_at_10": 0.014199999999999997,
        "mrr_at_100": 0.016199329766923155,
        "mrr_at_1000": 0.018485671906689396,
        "mrr_at_20": 0.014801534473438495,
        "mrr_at_3": 0.012166666666666666,
        "mrr_at_5": 0.013116666666666667,
        "nauc_map_at_1000_diff1": 0.18334659684315277,
        "nauc_map_at_1000_max": 0.06370097405828244,
        "nauc_map_at_1000_std": 0.03522199882485323,
        "nauc_map_at_100_diff1": 0.18980622693606014,
        "nauc_map_at_100_max": 0.06405358434288466,
        "nauc_map_at_100_std": 0.03483314684716375,
        "nauc_map_at_10_diff1": 0.24717454043335726,
        "nauc_map_at_10_max": 0.04193416095684972,
        "nauc_map_at_10_std": 0.005767935712244561,
        "nauc_map_at_1_diff1": 0.32603779370615954,
        "nauc_map_at_1_max": 0.0035647207635402267,
        "nauc_map_at_1_std": -0.13691594158457582,
        "nauc_map_at_20_diff1": 0.2340025070138248,
        "nauc_map_at_20_max": 0.05401838215231804,
        "nauc_map_at_20_std": 0.0179965896628746,
        "nauc_map_at_3_diff1": 0.2604218152034231,
        "nauc_map_at_3_max": -0.0013274398768588404,
        "nauc_map_at_3_std": -0.00804583904085413,
        "nauc_map_at_5_diff1": 0.26880210260503823,
        "nauc_map_at_5_max": 0.021658692014262574,
        "nauc_map_at_5_std": -0.015701957876973902,
        "nauc_mrr_at_1000_diff1": 0.18799488459001726,
        "nauc_mrr_at_1000_max": 0.051438663672951135,
        "nauc_mrr_at_1000_std": 0.022724863348418105,
        "nauc_mrr_at_100_diff1": 0.19464522492912975,
        "nauc_mrr_at_100_max": 0.05156014827627743,
        "nauc_mrr_at_100_std": 0.02208450283280973,
        "nauc_mrr_at_10_diff1": 0.251959435712747,
        "nauc_mrr_at_10_max": 0.03181374716414037,
        "nauc_mrr_at_10_std": -0.004734515671076878,
        "nauc_mrr_at_1_diff1": 0.32603779370615954,
        "nauc_mrr_at_1_max": 0.0035647207635402267,
        "nauc_mrr_at_1_std": -0.13691594158457582,
        "nauc_mrr_at_20_diff1": 0.23738208420661747,
        "nauc_mrr_at_20_max": 0.04020613792490071,
        "nauc_mrr_at_20_std": 0.004470396988364613,
        "nauc_mrr_at_3_diff1": 0.27958143278776487,
        "nauc_mrr_at_3_max": -0.04247788261152417,
        "nauc_mrr_at_3_std": -0.04947238037130019,
        "nauc_mrr_at_5_diff1": 0.277847801117502,
        "nauc_mrr_at_5_max": 0.0030117801720948743,
        "nauc_mrr_at_5_std": -0.03506095326217662,
        "nauc_ndcg_at_1000_diff1": 0.07132607188465721,
        "nauc_ndcg_at_1000_max": 0.09500782609186244,
        "nauc_ndcg_at_1000_std": 0.08305590896509576,
        "nauc_ndcg_at_100_diff1": 0.022184143108769663,
        "nauc_ndcg_at_100_max": 0.12180203101787132,
        "nauc_ndcg_at_100_std": 0.11636595456717957,
        "nauc_ndcg_at_10_diff1": 0.2177288324884675,
        "nauc_ndcg_at_10_max": 0.07402575008771778,
        "nauc_ndcg_at_10_std": 0.049152372268880695,
        "nauc_ndcg_at_1_diff1": 0.32603779370615954,
        "nauc_ndcg_at_1_max": 0.0035647207635402267,
        "nauc_ndcg_at_1_std": -0.13691594158457582,
        "nauc_ndcg_at_20_diff1": 0.18041973482393095,
        "nauc_ndcg_at_20_max": 0.1044869831497807,
        "nauc_ndcg_at_20_std": 0.07924551710075566,
        "nauc_ndcg_at_3_diff1": 0.24853169290084223,
        "nauc_ndcg_at_3_max": 0.0004197971397379299,
        "nauc_ndcg_at_3_std": 0.01964655594883828,
        "nauc_ndcg_at_5_diff1": 0.2614489614512041,
        "nauc_ndcg_at_5_max": 0.037024950232375946,
        "nauc_ndcg_at_5_std": 0.004551646008603975,
        "nauc_precision_at_1000_diff1": 1.0,
        "nauc_precision_at_1000_max": 0.12278244631162709,
        "nauc_precision_at_1000_std": -0.17133520074729397,
        "nauc_precision_at_100_diff1": -0.12391443326905206,
        "nauc_precision_at_100_max": 0.1613807908950518,
        "nauc_precision_at_100_std": 0.17261990891894544,
        "nauc_precision_at_10_diff1": 0.1664877917896431,
        "nauc_precision_at_10_max": 0.12922815490564357,
        "nauc_precision_at_10_std": 0.12124139164654317,
        "nauc_precision_at_1_diff1": 0.32603779370615954,
        "nauc_precision_at_1_max": 0.0035647207635402267,
        "nauc_precision_at_1_std": -0.13691594158457582,
        "nauc_precision_at_20_diff1": 0.09761202039173596,
        "nauc_precision_at_20_max": 0.17927287362489924,
        "nauc_precision_at_20_std": 0.16687684464716934,
        "nauc_precision_at_3_diff1": 0.22522700634064363,
        "nauc_precision_at_3_max": 0.0043777272534703425,
        "nauc_precision_at_3_std": 0.07480264923107327,
        "nauc_precision_at_5_diff1": 0.24892065273068753,
        "nauc_precision_at_5_max": 0.06856599263360728,
        "nauc_precision_at_5_std": 0.03974681074224955,
        "nauc_recall_at_1000_diff1": 1.0,
        "nauc_recall_at_1000_max": 0.12278244631183893,
        "nauc_recall_at_1000_std": -0.1713352007469462,
        "nauc_recall_at_100_diff1": -0.12391443326905217,
        "nauc_recall_at_100_max": 0.16138079089505167,
        "nauc_recall_at_100_std": 0.17261990891894533,
        "nauc_recall_at_10_diff1": 0.16648779178964307,
        "nauc_recall_at_10_max": 0.1292281549056435,
        "nauc_recall_at_10_std": 0.12124139164654321,
        "nauc_recall_at_1_diff1": 0.32603779370615954,
        "nauc_recall_at_1_max": 0.0035647207635402267,
        "nauc_recall_at_1_std": -0.13691594158457582,
        "nauc_recall_at_20_diff1": 0.09761202039173598,
        "nauc_recall_at_20_max": 0.17927287362489927,
        "nauc_recall_at_20_std": 0.16687684464716926,
        "nauc_recall_at_3_diff1": 0.22522700634064355,
        "nauc_recall_at_3_max": 0.004377727253470373,
        "nauc_recall_at_3_std": 0.07480264923107335,
        "nauc_recall_at_5_diff1": 0.2489206527306876,
        "nauc_recall_at_5_max": 0.06856599263360737,
        "nauc_recall_at_5_std": 0.039746810742249526,
        "ndcg_at_1": 0.007,
        "ndcg_at_10": 0.01806,
        "ndcg_at_100": 0.03184,
        "ndcg_at_1000": 0.13346,
        "ndcg_at_20": 0.02048,
        "ndcg_at_3": 0.01431,
        "ndcg_at_5": 0.01556,
        "precision_at_1": 0.007,
        "precision_at_10": 0.003,
        "precision_at_100": 0.00103,
        "precision_at_1000": 0.001,
        "precision_at_20": 0.002,
        "precision_at_3": 0.00633,
        "precision_at_5": 0.0044,
        "recall_at_1": 0.007,
        "recall_at_10": 0.03,
        "recall_at_100": 0.103,
        "recall_at_1000": 0.999,
        "recall_at_20": 0.04,
        "recall_at_3": 0.019,
        "recall_at_5": 0.022
      }
    ]
  },
  "task_name": "KorFSSDictRetrieval"
}