{
  "dataset_revision": "main",
  "evaluation_time": 2.856637477874756,
  "kg_co2_emissions": null,
  "mteb_version": "1.12.49",
  "scores": {
    "train": [
      {
        "hf_subset": "default",
        "languages": [
          "kor-Hang"
        ],
        "main_score": 0.14104,
        "map_at_1": 0.088,
        "map_at_10": 0.12076,
        "map_at_100": 0.12969,
        "map_at_1000": 0.13157,
        "map_at_20": 0.12454,
        "map_at_3": 0.1085,
        "map_at_5": 0.11495,
        "mrr_at_1": 0.089,
        "mrr_at_10": 0.12128373015873019,
        "mrr_at_100": 0.13021307202540547,
        "mrr_at_1000": 0.13209215786195166,
        "mrr_at_20": 0.12507014282157475,
        "mrr_at_3": 0.109,
        "mrr_at_5": 0.11545000000000001,
        "nauc_map_at_1000_diff1": 0.719335501414145,
        "nauc_map_at_1000_max": -0.3713644663945754,
        "nauc_map_at_1000_std": -0.4498270248871641,
        "nauc_map_at_100_diff1": 0.718709920620802,
        "nauc_map_at_100_max": -0.3718269939694905,
        "nauc_map_at_100_std": -0.4505022836628968,
        "nauc_map_at_10_diff1": 0.7282435723090772,
        "nauc_map_at_10_max": -0.3640668224677117,
        "nauc_map_at_10_std": -0.4435480939757411,
        "nauc_map_at_1_diff1": 0.8214869380686393,
        "nauc_map_at_1_max": -0.3712497255896772,
        "nauc_map_at_1_std": -0.43192489694367875,
        "nauc_map_at_20_diff1": 0.7242718976105276,
        "nauc_map_at_20_max": -0.3665913460690364,
        "nauc_map_at_20_std": -0.44988054384672665,
        "nauc_map_at_3_diff1": 0.7446410927470057,
        "nauc_map_at_3_max": -0.3526348527209682,
        "nauc_map_at_3_std": -0.4407078820904432,
        "nauc_map_at_5_diff1": 0.7407363508905555,
        "nauc_map_at_5_max": -0.36006560011548305,
        "nauc_map_at_5_std": -0.4445495659251188,
        "nauc_mrr_at_1000_diff1": 0.7135029380189455,
        "nauc_mrr_at_1000_max": -0.36529146136929086,
        "nauc_mrr_at_1000_std": -0.4462789068061353,
        "nauc_mrr_at_100_diff1": 0.7129098267168985,
        "nauc_mrr_at_100_max": -0.36578274980811254,
        "nauc_mrr_at_100_std": -0.44696913373120567,
        "nauc_mrr_at_10_diff1": 0.7222801092420073,
        "nauc_mrr_at_10_max": -0.3579405836734107,
        "nauc_mrr_at_10_std": -0.4399906884661947,
        "nauc_mrr_at_1_diff1": 0.8057991637097041,
        "nauc_mrr_at_1_max": -0.3558424253021528,
        "nauc_mrr_at_1_std": -0.4234330108560972,
        "nauc_mrr_at_20_diff1": 0.7184059594832773,
        "nauc_mrr_at_20_max": -0.36052728222343133,
        "nauc_mrr_at_20_std": -0.44632232569653796,
        "nauc_mrr_at_3_diff1": 0.738303954141139,
        "nauc_mrr_at_3_max": -0.34613791853213155,
        "nauc_mrr_at_3_std": -0.43703556690800655,
        "nauc_mrr_at_5_diff1": 0.7346668972602731,
        "nauc_mrr_at_5_max": -0.35379034526688247,
        "nauc_mrr_at_5_std": -0.44100420627002496,
        "nauc_ndcg_at_1000_diff1": 0.679335572001643,
        "nauc_ndcg_at_1000_max": -0.38931750669692894,
        "nauc_ndcg_at_1000_std": -0.4578651657891598,
        "nauc_ndcg_at_100_diff1": 0.6497910620175033,
        "nauc_ndcg_at_100_max": -0.4148166367939538,
        "nauc_ndcg_at_100_std": -0.4721092406315619,
        "nauc_ndcg_at_10_diff1": 0.6925732711268231,
        "nauc_ndcg_at_10_max": -0.36958058143397055,
        "nauc_ndcg_at_10_std": -0.4481600206101732,
        "nauc_ndcg_at_1_diff1": 0.8214869380686393,
        "nauc_ndcg_at_1_max": -0.3712497255896772,
        "nauc_ndcg_at_1_std": -0.43192489694367875,
        "nauc_ndcg_at_20_diff1": 0.6801122758426336,
        "nauc_ndcg_at_20_max": -0.37787158743262683,
        "nauc_ndcg_at_20_std": -0.4675930727003444,
        "nauc_ndcg_at_3_diff1": 0.7233026100928034,
        "nauc_ndcg_at_3_max": -0.34974007113218,
        "nauc_ndcg_at_3_std": -0.44489955101942785,
        "nauc_ndcg_at_5_diff1": 0.7178085162062195,
        "nauc_ndcg_at_5_max": -0.3618470627402875,
        "nauc_ndcg_at_5_std": -0.45050767666917535,
        "nauc_precision_at_1000_diff1": -1.1517273576102791,
        "nauc_precision_at_1000_max": 1.0,
        "nauc_precision_at_1000_std": 0.7222222222221585,
        "nauc_precision_at_100_diff1": 0.4912965305456774,
        "nauc_precision_at_100_max": -0.540549893792215,
        "nauc_precision_at_100_std": -0.523424054140778,
        "nauc_precision_at_10_diff1": 0.616818693666789,
        "nauc_precision_at_10_max": -0.3828388673072668,
        "nauc_precision_at_10_std": -0.4572277729199221,
        "nauc_precision_at_1_diff1": 0.8214869380686393,
        "nauc_precision_at_1_max": -0.3712497255896772,
        "nauc_precision_at_1_std": -0.43192489694367875,
        "nauc_precision_at_20_diff1": 0.5880016218704321,
        "nauc_precision_at_20_max": -0.4051516030399973,
        "nauc_precision_at_20_std": -0.5091475512498074,
        "nauc_precision_at_3_diff1": 0.6710823557603283,
        "nauc_precision_at_3_max": -0.3432386803036737,
        "nauc_precision_at_3_std": -0.455606748793691,
        "nauc_precision_at_5_diff1": 0.6662507266327223,
        "nauc_precision_at_5_max": -0.3672586395920635,
        "nauc_precision_at_5_std": -0.464368960901006,
        "nauc_recall_at_1000_diff1": -1.1517273576096938,
        "nauc_recall_at_1000_max": 1.0,
        "nauc_recall_at_1000_std": 0.7222222222222368,
        "nauc_recall_at_100_diff1": 0.4912965305456772,
        "nauc_recall_at_100_max": -0.5405498937922149,
        "nauc_recall_at_100_std": -0.5234240541407779,
        "nauc_recall_at_10_diff1": 0.6168186936667893,
        "nauc_recall_at_10_max": -0.3828388673072666,
        "nauc_recall_at_10_std": -0.4572277729199218,
        "nauc_recall_at_1_diff1": 0.8214869380686393,
        "nauc_recall_at_1_max": -0.3712497255896772,
        "nauc_recall_at_1_std": -0.43192489694367875,
        "nauc_recall_at_20_diff1": 0.5880016218704324,
        "nauc_recall_at_20_max": -0.4051516030399972,
        "nauc_recall_at_20_std": -0.5091475512498072,
        "nauc_recall_at_3_diff1": 0.6710823557603285,
        "nauc_recall_at_3_max": -0.34323868030367394,
        "nauc_recall_at_3_std": -0.4556067487936913,
        "nauc_recall_at_5_diff1": 0.6662507266327226,
        "nauc_recall_at_5_max": -0.3672586395920631,
        "nauc_recall_at_5_std": -0.46436896090100566,
        "ndcg_at_1": 0.088,
        "ndcg_at_10": 0.14104,
        "ndcg_at_100": 0.19527,
        "ndcg_at_1000": 0.25719,
        "ndcg_at_20": 0.15474,
        "ndcg_at_3": 0.1153,
        "ndcg_at_5": 0.12687,
        "precision_at_1": 0.088,
        "precision_at_10": 0.0207,
        "precision_at_100": 0.00486,
        "precision_at_1000": 0.001,
        "precision_at_20": 0.01305,
        "precision_at_3": 0.045,
        "precision_at_5": 0.0326,
        "recall_at_1": 0.088,
        "recall_at_10": 0.207,
        "recall_at_100": 0.486,
        "recall_at_1000": 0.999,
        "recall_at_20": 0.261,
        "recall_at_3": 0.135,
        "recall_at_5": 0.163
      }
    ]
  },
  "task_name": "KorMarketReportRetrieval"
}