{
  "dataset_revision": "main",
  "evaluation_time": 3.409942865371704,
  "kg_co2_emissions": null,
  "mteb_version": "1.12.49",
  "scores": {
    "train": [
      {
        "hf_subset": "default",
        "languages": [
          "kor-Hang"
        ],
        "main_score": 0.26193,
        "map_at_1": 0.173,
        "map_at_10": 0.23015,
        "map_at_100": 0.23824,
        "map_at_1000": 0.23967,
        "map_at_20": 0.23443,
        "map_at_3": 0.21383,
        "map_at_5": 0.22143,
        "mrr_at_1": 0.173,
        "mrr_at_10": 0.2301468253968254,
        "mrr_at_100": 0.23824453342533267,
        "mrr_at_1000": 0.23966727772110702,
        "mrr_at_20": 0.23443057328378544,
        "mrr_at_3": 0.21383333333333338,
        "mrr_at_5": 0.22143333333333334,
        "nauc_map_at_1000_diff1": 0.5953827553264065,
        "nauc_map_at_1000_max": -0.3373577412748863,
        "nauc_map_at_1000_std": -0.4735383301220716,
        "nauc_map_at_100_diff1": 0.594924636807365,
        "nauc_map_at_100_max": -0.3379669882665593,
        "nauc_map_at_100_std": -0.473983959814838,
        "nauc_map_at_10_diff1": 0.5980282153728927,
        "nauc_map_at_10_max": -0.3313633077033072,
        "nauc_map_at_10_std": -0.4700161263319369,
        "nauc_map_at_1_diff1": 0.6783160362596351,
        "nauc_map_at_1_max": -0.2664822690673329,
        "nauc_map_at_1_std": -0.42812202079990447,
        "nauc_map_at_20_diff1": 0.5965595548713194,
        "nauc_map_at_20_max": -0.3365556554728958,
        "nauc_map_at_20_std": -0.4732109129909137,
        "nauc_map_at_3_diff1": 0.6117932837100666,
        "nauc_map_at_3_max": -0.320567847105993,
        "nauc_map_at_3_std": -0.4630634744022177,
        "nauc_map_at_5_diff1": 0.6062015669626394,
        "nauc_map_at_5_max": -0.3242626023057015,
        "nauc_map_at_5_std": -0.4675758991725349,
        "nauc_mrr_at_1000_diff1": 0.595382754957568,
        "nauc_mrr_at_1000_max": -0.337357751508433,
        "nauc_mrr_at_1000_std": -0.47353833985488536,
        "nauc_mrr_at_100_diff1": 0.594924636807365,
        "nauc_mrr_at_100_max": -0.3379669882665593,
        "nauc_mrr_at_100_std": -0.473983959814838,
        "nauc_mrr_at_10_diff1": 0.5980282153728927,
        "nauc_mrr_at_10_max": -0.3313633077033072,
        "nauc_mrr_at_10_std": -0.4700161263319369,
        "nauc_mrr_at_1_diff1": 0.6783160362596351,
        "nauc_mrr_at_1_max": -0.2664822690673329,
        "nauc_mrr_at_1_std": -0.42812202079990447,
        "nauc_mrr_at_20_diff1": 0.5965595548713194,
        "nauc_mrr_at_20_max": -0.3365556554728958,
        "nauc_mrr_at_20_std": -0.4732109129909137,
        "nauc_mrr_at_3_diff1": 0.6117932837100666,
        "nauc_mrr_at_3_max": -0.320567847105993,
        "nauc_mrr_at_3_std": -0.4630634744022177,
        "nauc_mrr_at_5_diff1": 0.6062015669626394,
        "nauc_mrr_at_5_max": -0.3242626023057015,
        "nauc_mrr_at_5_std": -0.4675758991725349,
        "nauc_ndcg_at_1000_diff1": 0.5698430982370236,
        "nauc_ndcg_at_1000_max": -0.3625113517578649,
        "nauc_ndcg_at_1000_std": -0.4883458494221686,
        "nauc_ndcg_at_100_diff1": 0.5501681856231544,
        "nauc_ndcg_at_100_max": -0.38267772140481904,
        "nauc_ndcg_at_100_std": -0.5016199884325311,
        "nauc_ndcg_at_10_diff1": 0.5662628954217481,
        "nauc_ndcg_at_10_max": -0.3598319863048482,
        "nauc_ndcg_at_10_std": -0.4871675986168996,
        "nauc_ndcg_at_1_diff1": 0.6783160362596351,
        "nauc_ndcg_at_1_max": -0.2664822690673329,
        "nauc_ndcg_at_1_std": -0.42812202079990447,
        "nauc_ndcg_at_20_diff1": 0.5613956810514157,
        "nauc_ndcg_at_20_max": -0.377287685111957,
        "nauc_ndcg_at_20_std": -0.49795006342425074,
        "nauc_ndcg_at_3_diff1": 0.5943585330700838,
        "nauc_ndcg_at_3_max": -0.33698109560836853,
        "nauc_ndcg_at_3_std": -0.4736297870228095,
        "nauc_ndcg_at_5_diff1": 0.5854020023326804,
        "nauc_ndcg_at_5_max": -0.3429482556969511,
        "nauc_ndcg_at_5_std": -0.48115730389627015,
        "nauc_precision_at_1000_diff1": 0.55415499533131,
        "nauc_precision_at_1000_max": 0.55415499533131,
        "nauc_precision_at_1000_std": 0.35807656395873844,
        "nauc_precision_at_100_diff1": 0.3993241620839708,
        "nauc_precision_at_100_max": -0.5242941476184619,
        "nauc_precision_at_100_std": -0.5903493976609216,
        "nauc_precision_at_10_diff1": 0.4828048633556313,
        "nauc_precision_at_10_max": -0.4353172129472967,
        "nauc_precision_at_10_std": -0.5318024903481988,
        "nauc_precision_at_1_diff1": 0.6783160362596351,
        "nauc_precision_at_1_max": -0.2664822690673329,
        "nauc_precision_at_1_std": -0.42812202079990447,
        "nauc_precision_at_20_diff1": 0.4671454973990504,
        "nauc_precision_at_20_max": -0.4936352026248301,
        "nauc_precision_at_20_std": -0.5678985266480464,
        "nauc_precision_at_3_diff1": 0.5500370496465262,
        "nauc_precision_at_3_max": -0.37937836701179556,
        "nauc_precision_at_3_std": -0.500914082012754,
        "nauc_precision_at_5_diff1": 0.5336307151373743,
        "nauc_precision_at_5_max": -0.38996986031807085,
        "nauc_precision_at_5_std": -0.5156890104521228,
        "nauc_recall_at_1000_diff1": 0.554154995331521,
        "nauc_recall_at_1000_max": 0.554154995331521,
        "nauc_recall_at_1000_std": 0.3580765639589976,
        "nauc_recall_at_100_diff1": 0.3993241620839702,
        "nauc_recall_at_100_max": -0.5242941476184619,
        "nauc_recall_at_100_std": -0.5903493976609213,
        "nauc_recall_at_10_diff1": 0.48280486335563133,
        "nauc_recall_at_10_max": -0.43531721294729614,
        "nauc_recall_at_10_std": -0.5318024903481983,
        "nauc_recall_at_1_diff1": 0.6783160362596351,
        "nauc_recall_at_1_max": -0.2664822690673329,
        "nauc_recall_at_1_std": -0.42812202079990447,
        "nauc_recall_at_20_diff1": 0.4671454973990507,
        "nauc_recall_at_20_max": -0.49363520262482985,
        "nauc_recall_at_20_std": -0.5678985266480463,
        "nauc_recall_at_3_diff1": 0.5500370496465264,
        "nauc_recall_at_3_max": -0.379378367011796,
        "nauc_recall_at_3_std": -0.5009140820127544,
        "nauc_recall_at_5_diff1": 0.5336307151373743,
        "nauc_recall_at_5_max": -0.3899698603180703,
        "nauc_recall_at_5_std": -0.5156890104521221,
        "ndcg_at_1": 0.173,
        "ndcg_at_10": 0.26193,
        "ndcg_at_100": 0.30693,
        "ndcg_at_1000": 0.35598,
        "ndcg_at_20": 0.27725,
        "ndcg_at_3": 0.22722,
        "ndcg_at_5": 0.24087,
        "precision_at_1": 0.173,
        "precision_at_10": 0.0364,
        "precision_at_100": 0.00588,
        "precision_at_1000": 0.001,
        "precision_at_20": 0.0212,
        "precision_at_3": 0.08867,
        "precision_at_5": 0.0598,
        "recall_at_1": 0.173,
        "recall_at_10": 0.364,
        "recall_at_100": 0.588,
        "recall_at_1000": 0.999,
        "recall_at_20": 0.424,
        "recall_at_3": 0.266,
        "recall_at_5": 0.299
      }
    ]
  },
  "task_name": "KorTATQARetrieval"
}